;tweet;date;location;place;coordinates;id;link;procesado;tweetingles;neg;neu;pos;compound;sentimiento;emojis;validador;dia_publicacion;procesado2;cluster
0;@grupoaval @BancodeBogota @Bco_Occidente @Bco_Popular @Banco_AvVillas QUE QUITEN EL 4X1000 LADRONES;2021-05-12 12:16:52;Colombia;;;1,39245E+18;https://twitter.com/i/web/status/1392453722266079235;grupoaval bancodebogota bco occidente bco popular banco avvillas quiten x ladrones;@grupoaval @BancodeBogota @Bco_Occidente @Bco_Popular @Banco_AvVillas THAT REMOVE THE 4X1000 THIEVES;309;691;0;-6166;Negativo;[];1;05/12/2021;['grupoaval' 'bancodebogota' 'bco' 'occidente' 'bco' 'popular' 'banco' 'avvillas' 'quiten' 'x' 'ladrones'];1
1;@paulivelandia @williamnamen @Bogota @ClaudiaLopez @idubogota @AlcaldiaSuba11 @Citytv @NoticiasCaracol @NoticiasRCN @CaracolRadio @Bogota @ClaudiaLopez @Citytv @NoticiasCaracol necesitamos poder usar nuestra calle de acceso para cuándo la #AvVillas ?? #Belgrano;2021-05-12 02:14:27;Bogotá Colombia;;;1,3923E+18;https://twitter.com/i/web/status/1392302120402145281;paulivelandia williamnamen bogota claudialopez idubogota alcaldiasuba citytv noticiascaracol noticiasrcn caracolradio bogota claudialopez citytv noticiascaracol necesitamos poder usar calle acceso cuándo avvillas belgrano;@paulivelandia @williamnamen @Bogota @ClaudiaLopez @idubogota @ AlcaldiaSuba11 @Citytv @NoticiasCaracol @NoticiasRCN @CaracolRadio @Bogota @ClaudiaLopez @Citytv @NoticiasCaracol do we need to be able to use our access street when is the #Avillas? #Belgrano;0;1;0;0;Neutro;[];1;05/12/2021;['paulivelandia' 'williamnamen' 'bogota' 'claudialopez' 'idubogota' 'alcaldiasuba' 'citytv' 'noticiascaracol' 'noticiasrcn' 'caracolradio' 'bogota' 'claudialopez' 'citytv' 'noticiascaracol' 'necesitamos' 'poder' 'usar' 'calle' 'acceso' 'cuándo' 'avvillas' 'belgrano'];1
2;Que banco de mierda es @AMAMOSAVVILLAS @Banco_AvVillas  realmente todos los bancos de este país son una mierda son peores que el Covid el sida el ébola el cáncer y el ántrax juntos.;2021-05-11 19:06:00;;;;1,39219E+18;https://twitter.com/i/web/status/1392194297915715587;banco mierda amamosavvillas banco avvillas realmente bancos país mierda peores covid sida ébola cáncer ántrax juntos;What a shitty bank is @AMAMOSAVVILLAS @Banco_AvVillas really all the banks in this country are shit they are worse than Covid AIDS Ebola cancer and anthrax together.;39;61;0;-9403;Negativo;[];1;05/11/2021;['banco' 'mierda' 'amamosavvillas' 'banco' 'avvillas' 'realmente' 'bancos' 'país' 'mierda' 'peores' 'covid' 'sida' 'ébola' 'cáncer' 'ántrax' 'juntos'];1
3;@Banco_AvVillas explíqueme cómo es posible que retiro tres millones de una sucursal suya en bosa y me descuentan 120000 que por el 4 por mil esa es la explicación del asesor es un mango es un centro de robo;2021-05-11 17:11:43;;;;1,39217E+18;https://twitter.com/i/web/status/1392165533710159878;banco avvillas explíqueme cómo posible retiro tres millones sucursal bosa descuentan mil explicación asesor mango centro robo;@Banco_AvVillas explain to me how it is possible that I withdraw three million from a branch of yours in Bosa and they deduct 120000 from me that for 4 per thousand that is the explanation of the advisor is a mango is a theft center;0;1;0;0;Neutro;[];1;05/11/2021;['banco' 'avvillas' 'explíqueme' 'cómo' 'posible' 'retiro' 'tres' 'millones' 'sucursal' 'bosa' 'descuentan' 'mil' 'explicación' 'asesor' 'mango' 'centro' 'robo'];1
4;@alejomontess @PattyRosi24 @Alexand39727033 @claudiazunigam @IvanDuque ¿Quien carece de empatia? Los q están acabando con todas las pequeñas empresas por que creen que todos son avvillas y postobon. O los q creen q trabajar y votar bien es la salida... salir a romper todo no ayuda a nada joder los trabajoder no ayuda nada y regalar todo no sirve;2021-05-11 14:55:07;;;;1,39213E+18;https://twitter.com/i/web/status/1392131159413436418;alejomontess pattyrosi alexand claudiazunigam ivanduque carece empatia q acabando todas pequeñas empresas creen avvillas postobon q creen q trabajar votar bien salida salir romper ayuda joder trabajoder ayuda regalar sirve;@alejomontess @ PattyRosi24 @ Alexand39727033 @claudiazunigam @IvanDuque Who lacks empathy? Those who are killing all small businesses because they believe that they are all avvillas and postobon. Or those who believe that working and voting well is the way out ... going out to break everything does not help anything fuck the job does not help anything and giving away everything does not work;12;781;99;-3749;Neutro;[];1;05/11/2021;['alejomontess' 'pattyrosi' 'alexand' 'claudiazunigam' 'ivanduque' 'carece' 'empatia' 'q' 'acabando' 'todas' 'pequeñas' 'empresas' 'creen' 'avvillas' 'postobon' 'q' 'creen' 'q' 'trabajar' 'votar' 'bien' 'salida' 'salir' 'romper' 'ayuda' 'joder' 'trabajoder' 'ayuda' 'regalar' 'sirve'];1
5;#SeProtestaPor que creen que todos los empresarios son avvillas y postobon. Y están acabando con los autoempleados pequeños negocios. Olvidando que el 90% de las empresas son minisculas en Col. Y no tienen la culpa de la corrupción.;2021-05-11 11:51:27;;;;1,39208E+18;https://twitter.com/i/web/status/1392084938120437769;seprotestapor creen empresarios avvillas postobon acabando autoempleados pequeños negocios olvidando empresas minisculas col culpa corrupción;#SeProtestaPor who believe that all entrepreneurs are avvillas and postobon. And they are killing the self-employed small businesses. Forgetting that 90% of companies are tiny in Col. And they are not to blame for corruption.;112;837;52;-521;Neutro;[];1;05/11/2021;['seprotestapor' 'creen' 'empresarios' 'avvillas' 'postobon' 'acabando' 'autoempleados' 'pequeños' 'negocios' 'olvidando' 'empresas' 'minisculas' 'col' 'culpa' 'corrupción'];3
6;@davids_vargas @alejarojas_g @jslt91 @Rodrigo_Lara_ No solución es quebrar el tejido empresarial para tener trabajo digno. Descerebrados creen que acabando con la economia de los pequeños empresarios se hace revolución. Creen que todas las empresas son postobon y avvillas. A esos no los afectan ni un poco acaban con el pequeño;2021-05-11 00:40:56;;;;1,39192E+18;https://twitter.com/i/web/status/1391916197751427073;davids vargas alejarojas g jslt rodrigo lara solución quebrar tejido empresarial tener trabajo digno descerebrados creen acabando economia pequeños empresarios hace revolución creen todas empresas postobon avvillas afectan acaban pequeño;@davids_vargas @alejarojas_g @ jslt91 @Rodrigo_Lara_ No the solution is to break the business fabric to have decent work. Unbrained they believe that ending the economy of small business people will make a revolution. They believe that all companies are postobon and avvillas. They do not affect them a bit they end up with the little one;0;96;4;3182;Neutro;[];1;05/11/2021;['davids' 'vargas' 'alejarojas' 'g' 'jslt' 'rodrigo' 'lara' 'solución' 'quebrar' 'tejido' 'empresarial' 'tener' 'trabajo' 'digno' 'descerebrados' 'creen' 'acabando' 'economia' 'pequeños' 'empresarios' 'hace' 'revolución' 'creen' 'todas' 'empresas' 'postobon' 'avvillas' 'afectan' 'acaban' 'pequeño'];1
7;@Banco_AvVillas Dios os bendiga y muy buenas tardes desafortunadamente tengo discapacidad total y permanente de 7115% y he enviado los documentos pero ha sido imposible validar para condonar deuda de tarjeta.;2021-05-10 17:01:55;Pereira Colombia;Place(_api=<tweepy.api.API object at 0x0000021FBCEE1430> id='0000ffd41ff0eaac' url='https://api.twitter.com/1.1/geo/id/0000ffd41ff0eaac.json' place_type='city' name='Pereira' full_name='Pereira Colombia' country_code='CO' country='Colombia' contained_within=[] bounding_box=BoundingBox(_api=<tweepy.api.API object at 0x0000021FBCEE1430> type='Polygon' coordinates=[[[-75.9907589986944 4.63867000348596] [-75.4654809962446 4.63867000348596] [-75.4654809962446 4.88568700008487] [-75.9907589986944 4.88568700008487]]]) attributes={});;1,3918E+18;https://twitter.com/i/web/status/1391800682223656968;banco avvillas dios bendiga buenas tardes desafortunadamente discapacidad total permanente enviado documentos sido imposible validar condonar deuda tarjeta;@Banco_AvVillas God bless you and good afternoon unfortunately I have a total and permanent disability of 71.15% and I have sent the documents but it has been impossible to validate to forgive card debt.;114;624;261;6542;Positivo;[];1;05/10/2021;['banco' 'avvillas' 'dios' 'bendiga' 'buenas' 'tardes' 'desafortunadamente' 'discapacidad' 'total' 'permanente' 'enviado' 'documentos' 'sido' 'imposible' 'validar' 'condonar' 'deuda' 'tarjeta'];1
8;Altos intereses de #Avvillas llevo 4 mese pagando la misma cuota no bajó.;2021-05-10 14:49:05;Santiago de Cali;;;1,39177E+18;https://twitter.com/i/web/status/1391767252819750912;altos intereses avvillas llevo mese pagando misma cuota bajó;High interests of #Avvillas I have been paying the same fee for 4 months it did not go down.;0;9;1;25;Neutro;[];1;05/10/2021;['altos' 'intereses' 'avvillas' 'llevo' 'mese' 'pagando' 'misma' 'cuota' 'bajó'];1
9;@sicsuper El banco #Avvillas @grupoaval  pone sus reglas y no acepta pagos en cheque por conveniencia son unos atrevidos.;2021-05-10 14:26:22;Santiago de Cali;;;1,39176E+18;https://twitter.com/i/web/status/1391761534540525577;sicsuper banco avvillas grupoaval pone reglas acepta pagos cheque conveniencia atrevidos;@sicsuper The bank #Avvillas @grupoaval sets its rules and does not accept payments by check for convenience they are daring.;96;794;11;813;Neutro;[];1;05/10/2021;['sicsuper' 'banco' 'avvillas' 'grupoaval' 'pone' 'reglas' 'acepta' 'pagos' 'cheque' 'conveniencia' 'atrevidos'];1
10;@GustavoBolivar @RevistaSemana Me desuscribí hace muchos años atrás d ése pasquín d @RevistaSemana cancelé mi suscripción a @ELTIEMPO  cerré mi cuenta d ahorros en el Banco d Bogotá y mi tarjeta d crédito d AVVillas...ojalá algún día el amanecer pueda ser + tranquilo para mí sin saber d ninguno de ésos hptas;2021-05-10 02:55:50;191030;;;1,39159E+18;https://twitter.com/i/web/status/1391587756330164225;gustavobolivar revistasemana desuscribí hace años atrás d ése pasquín d revistasemana cancelé suscripción eltiempo cerré cuenta d ahorros banco d bogotá tarjeta d crédito d avvillas ojalá algún día amanecer pueda ser tranquilo saber d ninguno ésos hptas;@GustavoBolivar @RevistaSemana I unsubscribed many years ago from that brochure from @RevistaSemana I canceled my subscription to @ELTIEMPO I closed my savings account at Banco de Bogotá and my credit card from AVVillas ... hopefully one day dawn can be + calm for me without knowing any of those hptas;0;861;139;765;Positivo;[];1;05/10/2021;['gustavobolivar' 'revistasemana' 'desuscribí' 'hace' 'años' 'atrás' 'd' 'ése' 'pasquín' 'd' 'revistasemana' 'cancelé' 'suscripción' 'eltiempo' 'cerré' 'cuenta' 'd' 'ahorros' 'banco' 'd' 'bogotá' 'tarjeta' 'd' 'crédito' 'd' 'avvillas' 'ojalá' 'algún' 'día' 'amanecer' 'pueda' 'ser' 'tranquilo' 'saber' 'd' 'ninguno' 'ésos' 'hptas'];1
11;@SectorMovilidad @AreaLimpiaESP @JBotanicoBogota A que no adivinan de color está el semáforo? Cll 152xAvVillas. La señal vertical o el semáforo? cll 138 x AvVillas. Medio carril y todo el anden por dónde diablos? Cll 135x58C https://t.co/N0V0FMsj5a;2021-05-10 02:18:39;Bogotá;;;1,39158E+18;https://twitter.com/i/web/status/1391578398938517508;sectormovilidad arealimpiaesp jbotanicobogota adivinan color semáforo cll xavvillas señal vertical semáforo cll x avvillas medio carril anden dónde diablos cll x c https n v fmsj;@SectorMovilidad @AreaLimpiaESP @JBotanicoBogota What color is the traffic light? Cll 152xAvVillas. The vertical signal or the traffic light? cll 138 x AvVillas. Half a lane and the whole platform where the hell? Cll 135x58C https://t.co/N0V0FMsj5a;131;869;0;-7303;Negativo;[];1;05/10/2021;['sectormovilidad' 'arealimpiaesp' 'jbotanicobogota' 'adivinan' 'color' 'semáforo' 'cll' 'xavvillas' 'señal' 'vertical' 'semáforo' 'cll' 'x' 'avvillas' 'medio' 'carril' 'anden' 'dónde' 'diablos' 'cll' 'x' 'c' 'https' 'n' 'v' 'fmsj'];1
12;"A porvenir y Avvillas. 

Par de ratas. https://t.co/lzQGN6uTkF";2021-05-09 17:50:13;;;;1,39145E+18;https://twitter.com/i/web/status/1391450447618191366;porvenir avvillas par ratas https lzqgn utkf;"To future and Avvillas.

Pair of rats. https://t.co/lzQGN6uTkF";0;1;0;0;Neutro;[];1;05/09/2021;['porvenir' 'avvillas' 'par' 'ratas' 'https' 'lzqgn' 'utkf'];1
13;He tenido malas experiencias con diferentes bancos pero el @Banco_AvVillas es el peor de todos🤬 y no me puedo cambiar porque ahí me pagan 😡;2021-05-09 16:55:27;Bogotá Colombia;;;1,39144E+18;https://twitter.com/i/web/status/1391436664849973253;malas experiencias diferentes bancos banco avvillas peor puedo cambiar ahí pagan;I have had bad experiences with different banks but @Banco_AvVillas is the worst of all🤬 and I can't change because they pay me there 😡;253;747;0;-8591;Negativo;['🤬' '😡'];1;05/09/2021;['malas' 'experiencias' 'diferentes' 'bancos' 'banco' 'avvillas' 'peor' 'puedo' 'cambiar' 'ahí' 'pagan'];1
14;#Anonymous para pagar el #icetex y de crédito hipotecario #AVVillas #SOSColmbia;2021-05-09 10:46:10;Colombia;;;1,39134E+18;https://twitter.com/i/web/status/1391343733493338114;anonymous pagar icetex crédito hipotecario avvillas soscolmbia;#Anonymous to pay the #icetex and mortgage credit #AVVillas #SOSColmbia;117;667;217;296;Neutro;[];1;05/09/2021;['anonymous' 'pagar' 'icetex' 'crédito' 'hipotecario' 'avvillas' 'soscolmbia'];1
15;@superfinanciera como puedo tomar una opción de rediferido de mi deuda con @Banco_AvVillas si ellos no me dan un valor aproximado para cada uno de los plazos. https://t.co/BrXDsuXxFS;2021-05-07 23:10:04;Medellín Colombia;;;1,39081E+18;https://twitter.com/i/web/status/1390806167497097217;superfinanciera puedo tomar opción rediferido deuda banco avvillas si dan valor aproximado cada plazos https brxdsuxxfs;@superfinanciera how can I take an option to redeem my debt with @Banco_AvVillas if they do not give me an approximate value for each of the terms. https://t.co/BrXDsuXxFS;81;841;78;-258;Neutro;[];1;05/07/2021;['superfinanciera' 'puedo' 'tomar' 'opción' 'rediferido' 'deuda' 'banco' 'avvillas' 'si' 'dan' 'valor' 'aproximado' 'cada' 'plazos' 'https' 'brxdsuxxfs'];1
16;@Banco_AvVillas hoy llamo a solicitar opciones para  rediferir mi deuda de TC con el banco y el asesor me informa cuales son las opciones en tiempo pero que no dan inf del vr aprox de la nueva cuota. Eso obstaculiza la toma de una decisión de alivio financiero!;2021-05-07 22:57:45;Medellín Colombia;;;1,3908E+18;https://twitter.com/i/web/status/1390803064794361856;banco avvillas hoy llamo solicitar opciones rediferir deuda tc banco asesor informa cuales opciones tiempo dan inf vr aprox nueva cuota obstaculiza toma decisión alivio financiero;@Banco_AvVillas today I call to request options to redeem my TC debt with the bank and the advisor informs me which are the options in time but that they do not give inf of the vr approx of the new installment. That gets in the way of making a financial relief decision!;31;89;79;5707;Positivo;[];1;05/07/2021;['banco' 'avvillas' 'hoy' 'llamo' 'solicitar' 'opciones' 'rediferir' 'deuda' 'tc' 'banco' 'asesor' 'informa' 'cuales' 'opciones' 'tiempo' 'dan' 'inf' 'vr' 'aprox' 'nueva' 'cuota' 'obstaculiza' 'toma' 'decisión' 'alivio' 'financiero'];1
17;"@Banco_AvVillas 

Y encima solo hay un asesor. Hay 5 puestos y solo un asesor en servicio.

Menos mal solo es para un trámite de sacar 100 mil qur me giraron y me largo para siempre.";2021-05-07 19:44:29;Aposentos Tuta mi pueblo...;;;1,39075E+18;https://twitter.com/i/web/status/1390754427649372168;banco avvillas encima solo asesor puestos solo asesor servicio menos mal solo trámite sacar mil qur giraron largo siempre;"@Banco_AvVillas

And on top of that there is only one advisor. There are 5 positions and only one consultant on duty.

Luckily it is only for a procedure to get 100 thousand that they turned me over and I am gone forever.";0;887;113;6249;Positivo;[];1;05/07/2021;['banco' 'avvillas' 'encima' 'solo' 'asesor' 'puestos' 'solo' 'asesor' 'servicio' 'menos' 'mal' 'solo' 'trámite' 'sacar' 'mil' 'qur' 'giraron' 'largo' 'siempre'];1
18;"@Banco_AvVillas 

Sus procesos son en exceso burocráticos y en exceso demorados...

Hay un desorden en la oficina no hay nadie en la entrada asesorando sino que toca entrar y salir aumentando el riesgo.";2021-05-07 19:43:06;Aposentos Tuta mi pueblo...;;;1,39075E+18;https://twitter.com/i/web/status/1390754081279516672;banco avvillas procesos exceso burocráticos exceso demorados desorden oficina nadie entrada asesorando sino toca entrar salir aumentando riesgo;"@Banco_AvVillas

Their processes are excessively bureaucratic and excessively delayed ...

There is a disorder in the office there is no one at the entrance advising but it is time to enter and leave increasing the risk.";222;778;0;-705;Negativo;[];1;05/07/2021;['banco' 'avvillas' 'procesos' 'exceso' 'burocráticos' 'exceso' 'demorados' 'desorden' 'oficina' 'nadie' 'entrada' 'asesorando' 'sino' 'toca' 'entrar' 'salir' 'aumentando' 'riesgo'];1
19;@quischur Menos mal no se metieron con @grupoaval o el Banco #Avvillas desde la primera tecleada le cobran.;2021-05-07 19:31:13;ColombiaSan Juan de Pasto;;;1,39075E+18;https://twitter.com/i/web/status/1390751089834725377;quischur menos mal metieron grupoaval banco avvillas primera tecleada cobran;@quischur Luckily they didn't mess with @grupoaval or the #Avvillas Bank from the first typed they charge you.;0;747;253;6608;Positivo;[];1;05/07/2021;['quischur' 'menos' 'mal' 'metieron' 'grupoaval' 'banco' 'avvillas' 'primera' 'tecleada' 'cobran'];1
20;"@Banco_AvVillas 

¿Qué respuesta tienen?

C.C: @PinoCalad";2021-05-07 15:47:59;Aposentos Tuta mi pueblo...;;;1,39069E+18;https://twitter.com/i/web/status/1390694911410941958;banco avvillas respuesta c c pinocalad;"@Banco_AvVillas

What answer do they have?

C.C: @PinoCalad";0;1;0;0;Neutro;[];1;05/07/2021;['banco' 'avvillas' 'respuesta' 'c' 'c' 'pinocalad'];1
21;"@Banco_AvVillas 

Señores qué falta de control dentro de la oficina de El Ensueño (Av. Villavicencio con Av. Gaitán Cortés).

Filas sin distancia gente con el tapabocas mal puesto en las filas y demoras.";2021-05-07 15:37:17;Aposentos Tuta mi pueblo...;;;1,39069E+18;https://twitter.com/i/web/status/1390692221138214914;banco avvillas señores falta control dentro oficina ensueño av villavicencio av gaitán cortés filas distancia gente tapabocas mal puesto filas demoras;"@Banco_AvVillas

Gentlemen what a lack of control within the El Ensueño office (Av. Villavicencio with Av. Gaitán Cortés).

Rows without distance people with bad masks on in the lines and delays.";167;833;0;-7003;Negativo;[];1;05/07/2021;['banco' 'avvillas' 'señores' 'falta' 'control' 'dentro' 'oficina' 'ensueño' 'av' 'villavicencio' 'av' 'gaitán' 'cortés' 'filas' 'distancia' 'gente' 'tapabocas' 'mal' 'puesto' 'filas' 'demoras'];1
22;Yo me pregunto: ¿cuando el sector financiero se meterá la mano al bolsillo para apoyar la causa social en medio de tanta crisis?. @BancodeBogota @Davivienda @Bancolombia @Bco_Occidente @Bco_Popular @bbva @Banco_AvVillas @BancoRepublica;2021-05-06 22:32:42;Bogotá;;;1,39043E+18;https://twitter.com/i/web/status/1390434376010371076;pregunto sector financiero meterá mano bolsillo apoyar causa social medio tanta crisis bancodebogota davivienda bancolombia bco occidente bco popular bbva banco avvillas bancorepublica;I wonder: when will the financial sector put its hand in its pocket to support the social cause in the midst of so much crisis? @BancodeBogota @Davivienda @Bancolombia @Bco_Occidente @Bco_Popular @bbva @Banco_AvVillas @BancoRepublica;109;745;146;1335;Neutro;[];1;05/06/2021;['pregunto' 'sector' 'financiero' 'meterá' 'mano' 'bolsillo' 'apoyar' 'causa' 'social' 'medio' 'tanta' 'crisis' 'bancodebogota' 'davivienda' 'bancolombia' 'bco' 'occidente' 'bco' 'popular' 'bbva' 'banco' 'avvillas' 'bancorepublica'];1
23;@YourAnonNewsESP Vamos @YourAnonNewsESP  hackeen los bancos y saquenos de esas deudas por favor a esos bancos de avvillas y los demás gracias a ustedes un golpe de estado;2021-05-06 18:28:52;;;;1,39037E+18;https://twitter.com/i/web/status/1390373013372157957;youranonnewsesp vamos youranonnewsesp hackeen bancos saquenos deudas favor bancos avvillas demás gracias ustedes golpe;@YourAnonNewsESP Let's go @YourAnonNewsESP hack the banks and get us out of those debts please those banks of Avvillas and the others thanks to you a coup;0;828;172;6369;Positivo;[];1;05/06/2021;['youranonnewsesp' 'vamos' 'youranonnewsesp' 'hackeen' 'bancos' 'saquenos' 'deudas' 'favor' 'bancos' 'avvillas' 'demás' 'gracias' 'ustedes' 'golpe'];1
24;@quischur ese Twit hubiese sido perfecto con el banco AVVillas;2021-05-06 17:27:36;;;;1,39036E+18;https://twitter.com/i/web/status/1390357594456342530;quischur twit sido perfecto banco avvillas;@quischur that Twit would have been perfect with the AVVillas bank;0;73;27;5719;Positivo;[];1;05/06/2021;['quischur' 'twit' 'sido' 'perfecto' 'banco' 'avvillas'];1
25;"Que nadie se meta con Luis Carlos Sarmiento Angulo. Nadie lo toque.

@grupoaval
@BancodeBogota @Bco_Occidente @Bco_Popular @Banco_AvVillas https://t.co/3qig1e1XCC";2021-05-06 00:43:46;Chitaraque Boyacá Colombia.;Place(_api=<tweepy.api.API object at 0x0000021FBCEE1430> id='015ebf2571d0d8ce' url='https://api.twitter.com/1.1/geo/id/015ebf2571d0d8ce.json' place_type='city' name='Bucaramanga' full_name='Bucaramanga Colombia' country_code='CO' country='Colombia' contained_within=[] bounding_box=BoundingBox(_api=<tweepy.api.API object at 0x0000021FBCEE1430> type='Polygon' coordinates=[[[-73.1964389986563 7.04893000034879] [-73.0689549960066 7.04893000034879] [-73.0689549960066 7.24065599791148] [-73.1964389986563 7.24065599791148]]]) attributes={});;1,3901E+18;https://twitter.com/i/web/status/1390104970230444042;nadie meta luis carlos sarmiento angulo nadie toque grupoaval bancodebogota bco occidente bco popular banco avvillas https qig xcc;"Let no one mess with Luis Carlos Sarmiento Angulo. Nobody touches it.

@grupoaval
@BancodeBogota @Bco_Occidente @Bco_Popular @Banco_AvVillas https://t.co/3qig1e1XCC";108;788;104;-232;Neutro;[];1;05/06/2021;['nadie' 'meta' 'luis' 'carlos' 'sarmiento' 'angulo' 'nadie' 'toque' 'grupoaval' 'bancodebogota' 'bco' 'occidente' 'bco' 'popular' 'banco' 'avvillas' 'https' 'qig' 'xcc'];1
26;Yo pensaba que la entidad finaciera que manojo era un nido de ratas hasta que conocí a @Banco_AvVillas y su productos;2021-05-05 21:37:26;Bogotá D.C. Colombia;;;1,39006E+18;https://twitter.com/i/web/status/1390058076984725507;pensaba entidad finaciera manojo nido ratas conocí banco avvillas productos;I thought that the financial entity that bunch was a nest of rats until I met @Banco_AvVillas and its products;0;1;0;0;Neutro;[];1;05/05/2021;['pensaba' 'entidad' 'finaciera' 'manojo' 'nido' 'ratas' 'conocí' 'banco' 'avvillas' 'productos'];1
27;@Banco_AvVillas ajá señores tengo mes y medio sin poder usar la banca móvil por un bloqueo voy al banco actualizo datos y nada no pienso ir nuevamente me solucionan o me solucionan.;2021-05-05 15:24:03;Colombia;;;1,38996E+18;https://twitter.com/i/web/status/1389964112315158536;banco avvillas ajá señores mes medio poder usar banca móvil bloqueo voy banco actualizo datos pienso ir nuevamente solucionan solucionan;@Banco_AvVillas aha gentlemen I have a month and a half without being able to use mobile banking due to a blockade I go to the bank I update data and nothing I do not plan to go again they solve me or they solve me.;0;923;77;3818;Neutro;[];1;05/05/2021;['banco' 'avvillas' 'ajá' 'señores' 'mes' 'medio' 'poder' 'usar' 'banca' 'móvil' 'bloqueo' 'voy' 'banco' 'actualizo' 'datos' 'pienso' 'ir' 'nuevamente' 'solucionan' 'solucionan'];1
28;@AnonymusNews_ @AMARANTA_2016 @IvanDuque @AlvaroUribeVel El Uribismo se financia de Grupo Santo Domingo banco avvillas a esos hay que borrar les todo;2021-05-05 06:04:28;Estados Unidos;;;1,38982E+18;https://twitter.com/i/web/status/1389823288998772737;anonymusnews amaranta ivanduque alvarouribevel uribismo financia grupo santo domingo banco avvillas borrar;@AnonymusNews_ @ AMARANTA_2016 @IvanDuque @AlvaroUribeVel Uribismo is financed by Grupo Santo Domingo Avvillas bank those must be erased;0;1;0;0;Neutro;[];1;05/05/2021;['anonymusnews' 'amaranta' 'ivanduque' 'alvarouribevel' 'uribismo' 'financia' 'grupo' 'santo' 'domingo' 'banco' 'avvillas' 'borrar'];1
29;Qué Irresponsabilidad del @grupoaval AvVillas hace 2 semanas intento hacer mis pagos PSE y no me permite voy al banco y nada he hablado x el Call Center con más de 10 personas y nada....#AvVillasIrresponsables;2021-05-05 01:49:45;Cali Colombia;;;1,38976E+18;https://twitter.com/i/web/status/1389759187417186306;irresponsabilidad grupoaval avvillas hace semanas intento hacer pagos pse permite voy banco hablado x call center personas avvillasirresponsables;What Irresponsibility of the @grupoaval AvVillas 2 weeks ago I tried to make my PSE payments and it does not allow me I go to the bank and nothing I have spoken x the Call Center with more than 10 people and nothing .... # AvVillasIrresponsables;36;964;0;-1695;Neutro;[];1;05/05/2021;['irresponsabilidad' 'grupoaval' 'avvillas' 'hace' 'semanas' 'intento' 'hacer' 'pagos' 'pse' 'permite' 'voy' 'banco' 'hablado' 'x' 'call' 'center' 'personas' 'avvillasirresponsables'];1
30;@jaimevargas85 @alcaldiausaquen @GobiernoBTA Allá pueden ir los dueños del local arrendado a AvVillas que le QUEMARON el fin de semana?;2021-05-05 00:55:01;Bogotá D.C. Colombia;;;1,38975E+18;https://twitter.com/i/web/status/1389745412425273344;jaimevargas alcaldiausaquen gobiernobta allá pueden ir dueños local arrendado avvillas quemaron fin semana;@ jaimevargas85 @alcaldiausaquen @GobiernoBTA Can the owners of the premises rented to AvVillas go there and they BURNED it over the weekend?;0;1;0;0;Neutro;[];1;05/05/2021;['jaimevargas' 'alcaldiausaquen' 'gobiernobta' 'allá' 'pueden' 'ir' 'dueños' 'local' 'arrendado' 'avvillas' 'quemaron' 'fin' 'semana'];1
31;"@Hidrocentro2011 @ccbosque1 @ccelbosqueoeste @mcristinaca21 
Bote aguas blancas Urb El Bosque Av 114 en la isla frente Villas del Bosque y Central Madeirense https://t.co/XeWJJm6uj6";2021-05-12 03:12:05;Venezuela;;;1,39232E+18;https://twitter.com/i/web/status/1392316624208859136;hidrocentro ccbosque ccelbosqueoeste mcristinaca bote aguas blancas urb bosque av isla frente villas bosque central madeirense https xewjjm uj;"@ Hidrocentro2011 @ ccbosque1 @ccelbosqueoeste @ mcristinaca21
White water boat Urb El Bosque Av 114 on the island in front of Villas del Bosque and Central Madeirense https://t.co/XeWJJm6uj6";0;1;0;0;Neutro;[];1;05/12/2021;['hidrocentro' 'ccbosque' 'ccelbosqueoeste' 'mcristinaca' 'bote' 'aguas' 'blancas' 'urb' 'bosque' 'av' 'isla' 'frente' 'villas' 'bosque' 'central' 'madeirense' 'https' 'xewjjm' 'uj'];3
32;@paulivelandia @Bogota @ClaudiaLopez @idubogota @Citytv @NoticiasCaracol @NoticiasRCN @CaracolRadio Hola. Te contamos que este tramo corresponde a la ampliación y proyección de la Av. Las villas la cual es competencia del @idubogota por ser malla vial arterial. Nuestros compañeros contestaron en mensaje ... https://t.co/Bdlu2CgGgc;2021-05-12 02:29:09;Bogotá D.C.;;;1,39231E+18;https://twitter.com/i/web/status/1392305816661811200;paulivelandia bogota claudialopez idubogota citytv noticiascaracol noticiasrcn caracolradio hola contamos tramo corresponde ampliación proyección av villas competencia idubogota ser malla vial arterial compañeros contestaron mensaje https bdlu cgggc;@paulivelandia @Bogota @ClaudiaLopez @idubogota @Citytv @NoticiasCaracol @NoticiasRCN @CaracolRadio Hello. We tell you that this section corresponds to the expansion and projection of Las Villas Avenue which is the responsibility of @idubogota as it is an arterial road network. Our colleagues replied in a message ... https://t.co/Bdlu2CgGgc;0;1;0;0;Neutro;[];1;05/12/2021;['paulivelandia' 'bogota' 'claudialopez' 'idubogota' 'citytv' 'noticiascaracol' 'noticiasrcn' 'caracolradio' 'hola' 'contamos' 'tramo' 'corresponde' 'ampliación' 'proyección' 'av' 'villas' 'competencia' 'idubogota' 'ser' 'malla' 'vial' 'arterial' 'compañeros' 'contestaron' 'mensaje' 'https' 'bdlu' 'cgggc'];2
33;@JuniorDos9 Trabaja más un cajero de AV Villas que el sindicato de Emcali;2021-05-12 02:13:46;Cali Colombia;;;1,3923E+18;https://twitter.com/i/web/status/1392301948368470018;juniordos trabaja cajero av villas sindicato emcali;@ JuniorDos9 An AV Villas cashier works more than the Emcali union;0;1;0;0;Neutro;[];1;05/12/2021;['juniordos' 'trabaja' 'cajero' 'av' 'villas' 'sindicato' 'emcali'];2
34;@Maleja_Saumeth Y banco AV Villas de sarmiento Angulo?;2021-05-11 21:13:47;;;;1,39223E+18;https://twitter.com/i/web/status/1392226455598338048;maleja saumeth banco av villas sarmiento angulo;@Maleja_Saumeth And AV Villas bank from Sarmiento Angulo?;0;1;0;0;Neutro;[];1;05/11/2021;['maleja' 'saumeth' 'banco' 'av' 'villas' 'sarmiento' 'angulo'];2
35;@RadioPlaneta969 ustedes hablan de coronar llevo 2 horas en la 14 calima haciendo cola para entrar av villas atienden hasta la 1 con mi cuenta bloqueada más de 10 días y sin poder sacar mi quincenita aquí vamos firmes reír por no llorar;2021-05-11 16:29:58;colombia;;;1,39216E+18;https://twitter.com/i/web/status/1392155029667262467;radioplaneta ustedes hablan coronar llevo horas calima haciendo cola entrar av villas atienden cuenta bloqueada días poder sacar quincenita aquí vamos firmes reír llorar;@ RadioPlaneta969 you talk about crowning I have been in the 14 calima for 2 hours queuing to enter av villas they attend until 1 with my account blocked for more than 10 days and without being able to get my fortnight here we go firm laugh for not crying;38;851;111;6192;Positivo;[];1;05/11/2021;['radioplaneta' 'ustedes' 'hablan' 'coronar' 'llevo' 'horas' 'calima' 'haciendo' 'cola' 'entrar' 'av' 'villas' 'atienden' 'cuenta' 'bloqueada' 'días' 'poder' 'sacar' 'quincenita' 'aquí' 'vamos' 'firmes' 'reír' 'llorar'];2
36;CHOQUE 🚙💥🚗 en Zapopan Col. Villas De Nuevo México Av. Guadalajara y 1 De Mayo. Tome precauciones;2021-05-11 16:04:38;Jalisco México;;;1,39215E+18;https://twitter.com/i/web/status/1392148652039286786;choque zapopan col villas nuevo méxico av guadalajara mayo tome precauciones;CHOQUE 🚙💥🚗 in Zapopan Col. Villas De Nuevo México Av. Guadalajara and 1 De Mayo. Take precautions;111;889;0;-3612;Neutro;['🚙' '💥' '🚗'];1;05/11/2021;['choque' 'zapopan' 'col' 'villas' 'nuevo' 'méxico' 'av' 'guadalajara' 'mayo' 'tome' 'precauciones'];3
37;"#LoUltimo 🔴
Un llanta mal calibrada de la ruta 38 explotó hiriendo a una mujer en el tobillo. 

El incidente fue reportado alrededor de las 18 hrs del Lunes en la Av. Lincoln Col. Villas del Poniente en García.

Elementos de PC de García llevaron a la lesionada a una clínica. https://t.co/Ba9eZuZ9t0";2021-05-11 15:36:26;Monterrey Nuevo León;;;1,39214E+18;https://twitter.com/i/web/status/1392141555834646528;loultimo llanta mal calibrada ruta explotó hiriendo mujer tobillo incidente reportado alrededor hrs lunes av lincoln col villas poniente garcía elementos pc garcía llevaron lesionada clínica https ba ezuz;"#Ultimate 🔴
A poorly calibrated tire on Route 38 exploded injuring a woman in the ankle.

The incident was reported around 6 pm on Monday at Av. Lincoln Col. Villas del Poniente in García.

Elements of García's PC took the injured to a clinic. https://t.co/Ba9eZuZ9t0";57;943;0;-4019;Neutro;['🔴'];1;05/11/2021;['loultimo' 'llanta' 'mal' 'calibrada' 'ruta' 'explotó' 'hiriendo' 'mujer' 'tobillo' 'incidente' 'reportado' 'alrededor' 'hrs' 'lunes' 'av' 'lincoln' 'col' 'villas' 'poniente' 'garcía' 'elementos' 'pc' 'garcía' 'llevaron' 'lesionada' 'clínica' 'https' 'ba' 'ezuz'];1
38;"@CarlosTorresLu   ¡Otra vez sin agua y sin aviso previo!  Colonia villas alcalde en Zapopan hasta cuando nos van a tener así sin avisarnos sin mandar pipas; ¿tendremos que cerrar la av. Alcalde para que nos hagan caso?";2021-05-11 13:23:53;guadalajara jalisco mexico;;;1,39211E+18;https://twitter.com/i/web/status/1392108198950313989;carlostorreslu vez agua aviso previo colonia villas alcalde zapopan van tener así avisarnos mandar pipas cerrar av alcalde hagan caso;"@CarlosTorresLu Again without water and without prior notice! Colonia Villas Mayor in Zapopan even when are they going to have us like this without notifying us without sending pipes; Will we have to close av. Mayor to listen to us?";0;933;67;4199;Positivo;[];1;05/11/2021;['carlostorreslu' 'vez' 'agua' 'aviso' 'previo' 'colonia' 'villas' 'alcalde' 'zapopan' 'van' 'tener' 'así' 'avisarnos' 'mandar' 'pipas' 'cerrar' 'av' 'alcalde' 'hagan' 'caso'];2
39;"@siapagdl  ¡Otra vez sin agua y sin aviso previo!  Colonia villas alcalde en Zapopan hasta cuando nos van a tener así sin avisarnos sin mandar pipas; ¿tendremos que cerrar la av. Alcalde para que nos hagan caso?";2021-05-11 13:22:18;guadalajara jalisco mexico;;;1,39211E+18;https://twitter.com/i/web/status/1392107802101956613;siapagdl vez agua aviso previo colonia villas alcalde zapopan van tener así avisarnos mandar pipas cerrar av alcalde hagan caso;"@siapagdl Again without water and without prior notice! Colonia Villas Mayor in Zapopan even when are they going to have us like this without notifying us without sending pipes; Will we have to close av. Mayor to listen to us?";0;933;67;4199;Positivo;[];1;05/11/2021;['siapagdl' 'vez' 'agua' 'aviso' 'previo' 'colonia' 'villas' 'alcalde' 'zapopan' 'van' 'tener' 'así' 'avisarnos' 'mandar' 'pipas' 'cerrar' 'av' 'alcalde' 'hagan' 'caso'];2
40;@TransporteJal  Hola para reportar que la ruta 16-b (633 villas-campo real) no está haciendo su recorrido bien desde hace 1 semana!! dura 1hr o más en pasar aquí en la terminal de campo Real (Av. Campo Azul Fraccionamiento Campo Real);2021-05-11 13:12:40;Entre la poesía y el rock;;;1,39211E+18;https://twitter.com/i/web/status/1392105376498294787;transportejal hola reportar ruta b villas campo real haciendo recorrido bien hace semana dura hr pasar aquí terminal campo real av campo azul fraccionamiento campo real;@TransporteJal Hello to report that route 16-b (633 villas-campo real) is not doing its route well for 1 week !! takes 1hr or more to spend here at Campo Real terminal (Av. Campo Azul Fraccionamiento Campo Real);0;931;69;3987;Neutro;[];1;05/11/2021;['transportejal' 'hola' 'reportar' 'ruta' 'b' 'villas' 'campo' 'real' 'haciendo' 'recorrido' 'bien' 'hace' 'semana' 'dura' 'hr' 'pasar' 'aquí' 'terminal' 'campo' 'real' 'av' 'campo' 'azul' 'fraccionamiento' 'campo' 'real'];2
41;"@JohanMendozaP @Reytorre Sarmiento Angulo?
Ah! Yo pensaba que en la foto me mostraba su odio al policía y era a AV Villas. Algún credito en mora?
Puede refinanciar.
Siempre he pensado q es mejor ahorrar y comprar de contado.";2021-05-11 05:38:15;Toledo España;;;1,39199E+18;https://twitter.com/i/web/status/1391991018124365824;johanmendozap reytorre sarmiento angulo ah pensaba foto mostraba odio policía av villas algún credito mora puede refinanciar siempre pensado q mejor ahorrar comprar contado;"@JohanMendozaP @Reytorre Sarmiento Angulo?
Ah! I thought that in the photo he showed me his hatred of the police and it was AV Villas. Any credit in arrears?
You can refinance.
I have always thought that it is better to save and buy in cash.";77;752;171;6312;Positivo;[];1;05/11/2021;['johanmendozap' 'reytorre' 'sarmiento' 'angulo' 'ah' 'pensaba' 'foto' 'mostraba' 'odio' 'policía' 'av' 'villas' 'algún' 'credito' 'mora' 'puede' 'refinanciar' 'siempre' 'pensado' 'q' 'mejor' 'ahorrar' 'comprar' 'contado'];2
42;Hoy un ciclista falleció en Av. Madero Poniente muestran un video donde la unidad 52 (de los camiones de Villas del Pedregal) lo atropella. Transporte público y ciclistas ambos no respetan el reglamento de tránsito nadie multa #Morelia #Michoacan sin ley... DEP 💐;2021-05-11 05:30:17;El salvaje Michoacán;;;1,39199E+18;https://twitter.com/i/web/status/1391989015381954560;hoy ciclista falleció av madero poniente muestran video unidad camiones villas pedregal atropella transporte público ciclistas ambos respetan reglamento tránsito nadie multa morelia michoacan ley dep;Today a cyclist died on Av. Madero Poniente they show a video where unit 52 (of the trucks from Villas del Pedregal) runs him over. Public transport and cyclists both do not respect the traffic regulations no one fines #Morelia #Michoacan without law ... DEP;166;834;0;-8102;Negativo;['💐'];1;05/11/2021;['hoy' 'ciclista' 'falleció' 'av' 'madero' 'poniente' 'muestran' 'video' 'unidad' 'camiones' 'villas' 'pedregal' 'atropella' 'transporte' 'público' 'ciclistas' 'ambos' 'respetan' 'reglamento' 'tránsito' 'nadie' 'multa' 'morelia' 'michoacan' 'ley' 'dep'];2
43;Entre la Minga y Av Villas prefiero deberle a la segunda al menos se cuánto tiempo me falta la primera quien sabe cuántas vidas más nos seguirá cobrando la deudita ancestral;2021-05-10 21:26:33;Bogotá D.C. Colombia;;;1,39187E+18;https://twitter.com/i/web/status/1391867280590528512;minga av villas prefiero deberle segunda menos cuánto tiempo falta primera sabe cuántas vidas seguirá cobrando deudita ancestral;Between La Minga and Av Villas I prefer to owe the second at least I know how much time I have left the first who knows how many more lives the ancestral debt will continue to charge us.;63;937;0;-3612;Neutro;[];1;05/10/2021;['minga' 'av' 'villas' 'prefiero' 'deberle' 'segunda' 'menos' 'cuánto' 'tiempo' 'falta' 'primera' 'sabe' 'cuántas' 'vidas' 'seguirá' 'cobrando' 'deudita' 'ancestral'];1
44;@olep072 @manuel0853 Entre la Minga y Av Villas prefiero deberle a la segunda al menos se cuánto tiempo me falta la primera que  sabe cuántas vidas más nos seguirá cobrando la deudita ancestral;2021-05-10 21:23:45;Bogotá D.C. Colombia;;;1,39187E+18;https://twitter.com/i/web/status/1391866574433366022;olep manuel minga av villas prefiero deberle segunda menos cuánto tiempo falta primera sabe cuántas vidas seguirá cobrando deudita ancestral;@ olep072 @ manuel0853 Between La Minga and Av Villas I prefer to owe the second at least I know how much time I have left the first who knows how many more lives the ancestral debt will continue to charge us;57;943;0;-3612;Neutro;[];1;05/10/2021;['olep' 'manuel' 'minga' 'av' 'villas' 'prefiero' 'deberle' 'segunda' 'menos' 'cuánto' 'tiempo' 'falta' 'primera' 'sabe' 'cuántas' 'vidas' 'seguirá' 'cobrando' 'deudita' 'ancestral'];1
45;"Tengo un problema gravísimo. Cuando dicen ""Ciudad Jardín"" primero pienso en el barrio al occidente de la Av. Villas y al norte de la 129 o en el de la 11 Sur arriba de la Caracas en vez de pensar en Cali. Is this centralism and lack of empathy? 😯";2021-05-10 19:06:26;Colombia;;;1,39183E+18;https://twitter.com/i/web/status/1391832018430922765;problema gravísimo dicen ciudad jardín primero pienso barrio occidente av villas norte sur arriba caracas vez pensar cali is this centralism and lack of empathy;"I have a very serious problem. When they say ""Ciudad Jardín"" I first think of the neighborhood west of Av. Villas and north of 129 or 11 Sur above Caracas instead of thinking of Cali. Is this centralism and lack of empathy? 😯";144;856;0;-707;Negativo;['😯'];1;05/10/2021;['problema' 'gravísimo' 'dicen' 'ciudad' 'jardín' 'primero' 'pienso' 'barrio' 'occidente' 'av' 'villas' 'norte' 'sur' 'arriba' 'caracas' 'vez' 'pensar' 'cali' 'is' 'this' 'centralism' 'and' 'lack' 'of' 'empathy'];0
46;Si hacen una competencia del peor banco el premio se lo lleva sin lugar a dudas Av Villas. Estoy pagando todos mis pecados de esta y todas mis vidas.;2021-05-10 17:21:47;Tamalameque Colombia;;;1,39181E+18;https://twitter.com/i/web/status/1391805682404532231;si hacen competencia peor banco premio lleva lugar dudas av villas pagando pecados todas vidas;If they compete against the worst bank the prize goes to Av Villas without a doubt. I am paying for all my sins this and all my lives.;194;657;148;-3999;Neutro;[];1;05/10/2021;['si' 'hacen' 'competencia' 'peor' 'banco' 'premio' 'lleva' 'lugar' 'dudas' 'av' 'villas' 'pagando' 'pecados' 'todas' 'vidas'];2
47;Mañana a los de Av villas les espera una putiada de mi parte 🥰;2021-05-10 04:00:21;Cali Colombia;;;1,3916E+18;https://twitter.com/i/web/status/1391603992631853059;mañana av villas espera putiada parte;Tomorrow those of Av villas are waiting for a bitch from me 🥰;151;558;291;5423;Positivo;['🥰'];1;05/10/2021;['mañana' 'av' 'villas' 'espera' 'putiada' 'parte'];2
48;ATROPELLADO 🚑 en Guadalajara Col. Villas De Guadalupe José Pantoja Gómez y Av. Malecón. Tome precauciones;2021-05-09 18:46:25;Jalisco México;;;1,39146E+18;https://twitter.com/i/web/status/1391464592837128207;atropellado guadalajara col villas guadalupe josé pantoja gómez av malecón tome precauciones;STROPPED 🚑 in Guadalajara Col. Villas De Guadalupe José Pantoja Gómez and Av. Malecón. Take precautions;0;1;0;0;Neutro;['🚑'];1;05/09/2021;['atropellado' 'guadalajara' 'col' 'villas' 'guadalupe' 'josé' 'pantoja' 'gómez' 'av' 'malecón' 'tome' 'precauciones'];3
49;Superintendencia Financiera multó por $ 70 millones al Banco AV Villas https://t.co/Ky0KUboGYm Ganan miles de millones con cosas chuecas y les ponen una multa ridícula;2021-05-09 16:16:34;Medellin;;;1,39143E+18;https://twitter.com/i/web/status/1391426881107468295;superintendencia financiera multó millones banco av villas https ky kubogym ganan miles millones cosas chuecas ponen multa ridícula;Financial Superintendence fined Banco AV Villas for $ 70 million https://t.co/Ky0KUboGYm They earn billions with crooked things and put a ridiculous fine on them;95;837;68;-1779;Neutro;[];1;05/09/2021;['superintendencia' 'financiera' 'multó' 'millones' 'banco' 'av' 'villas' 'https' 'ky' 'kubogym' 'ganan' 'miles' 'millones' 'cosas' 'chuecas' 'ponen' 'multa' 'ridícula'];2
50;@Julianaramirez6 Extraño porque a mi siempre me ha ido muy bien con ese banco con quienes si me ha pasado todo tipo de pro lemas es con bancolombia banco de Bogotá y AV villas;2021-05-09 06:56:11;Medellin Colombia;;;1,39129E+18;https://twitter.com/i/web/status/1391285855789137920;julianaramirez extraño siempre ido bien banco si pasado tipo pro lemas bancolombia banco bogotá av villas;@ Julianaramirez6 Strange because I have always done very well with that bank with whom if all kinds of problems have happened to me it is with Bancolombia Banco de Bogotá and AV Villas;119;818;63;-2748;Neutro;[];1;05/09/2021;['julianaramirez' 'extraño' 'siempre' 'ido' 'bien' 'banco' 'si' 'pasado' 'tipo' 'pro' 'lemas' 'bancolombia' 'banco' 'bogotá' 'av' 'villas'];1
51;@CaptainPolombia @HelmerTorres6 @Gu2Hail @GustavoBolivar @FisicoImpuro @DonIzquierdo_ Que gracias a Dios daos fraternalmente el saludo de paz y agrego yo podeis descansar en PAZ. eso si antes de marcharos os recordamos: los buñuelos empanadas y huevos de 1.800 pesos fuertes a la izquierda la lismosna a la derecha o para su mayor comodidad x Av villas o Nequi.;2021-05-09 06:13:36;Bogota Colombia;;;1,39128E+18;https://twitter.com/i/web/status/1391275138394607616;captainpolombia helmertorres gu hail gustavobolivar fisicoimpuro donizquierdo gracias dios daos fraternalmente saludo paz agrego podeis descansar paz si marcharos recordamos buñuelos empanadas huevos pesos fuertes izquierda lismosna derecha mayor comodidad x av villas nequi;@CaptainPolombia @ HelmerTorres6 @ Gu2Hail @GustavoBolivar @FisicoImpuro @DonIzquierdo_ Thank God fraternally give you the greeting of peace and I add you can rest in PEACE. That is if before you leave we remind you: the buñuelos empanadas and eggs of 1800 strong pesos on the left the lismosna on the right or for your convenience x Av villas or Nequi.;17;732;252;9519;Positivo;[];1;05/09/2021;['captainpolombia' 'helmertorres' 'gu' 'hail' 'gustavobolivar' 'fisicoimpuro' 'donizquierdo' 'gracias' 'dios' 'daos' 'fraternalmente' 'saludo' 'paz' 'agrego' 'podeis' 'descansar' 'paz' 'si' 'marcharos' 'recordamos' 'buñuelos' 'empanadas' 'huevos' 'pesos' 'fuertes' 'izquierda' 'lismosna' 'derecha' 'mayor' 'comodidad' 'x' 'av' 'villas' 'nequi'];2
52;@AfpFactual Ese video es de una funcionaria del banco AV VILLAS ocurrio el 28 de abril de este año. El dia que comenzo el paro. No mientan;2021-05-09 00:15:21;;;;1,39118E+18;https://twitter.com/i/web/status/1391184982375374850;afpfactual video funcionaria banco av villas ocurrio abril año dia comenzo paro mientan;@AfpFactual That video is from an official of the AV VILLAS bank it happened on April 28 of this year. The day the strike began. Don't lie;55;945;0;-128;Neutro;[];1;05/09/2021;['afpfactual' 'video' 'funcionaria' 'banco' 'av' 'villas' 'ocurrio' 'abril' 'año' 'dia' 'comenzo' 'paro' 'mientan'];2
53;"Antes de darles nuestro voto les solicitamos la reparación de este ""cráter"" sobre Av. Portales frente a Villas de Dan José. Lleva muchos meses y así como este muchos otros en el municipio. @ElenaGarciaMtz_ @Serv_Pub1921 @alfredodelmazo https://t.co/9ZmZ0wAq7K";2021-05-08 23:52:54;;;;1,39118E+18;https://twitter.com/i/web/status/1391179334140977152;darles voto solicitamos reparación cráter av portales frente villas dan josé lleva meses así municipio elenagarciamtz serv pub alfredodelmazo https zmz waq k;"Before giving you our vote we ask you to repair this ""crater"" on Av. Portales in front of Villas de Dan José. It takes many months and like this one many others in the municipality. @ElenaGarciaMtz_ @ Serv_Pub1921 @alfredodelmazo https://t.co/9ZmZ0wAq7K";0;886;114;5994;Positivo;[];1;05/08/2021;['darles' 'voto' 'solicitamos' 'reparación' 'cráter' 'av' 'portales' 'frente' 'villas' 'dan' 'josé' 'lleva' 'meses' 'así' 'municipio' 'elenagarciamtz' 'serv' 'pub' 'alfredodelmazo' 'https' 'zmz' 'waq' 'k'];2
54;@DanielSamperO En el sector Agua Banca ahí un sector conocido como cuatro esquina (zona comercial y plaza de mercado) está ubicado un cajero de Av Villas y las filas son largas porque la gente retira dinero para hacer mercado y tener efectivo.;2021-05-08 23:11:00;Planeta Tierra;;;1,39117E+18;https://twitter.com/i/web/status/1391168786976419845;danielsampero sector agua banca ahí sector conocido cuatro esquina zona comercial plaza mercado ubicado cajero av villas filas largas gente retira dinero hacer mercado tener efectivo;@DanielSamperO In the Agua Banca sector there is a sector known as four corner (commercial area and market place) there is an Av Villas ATM and the lines are long because people withdraw money to market and have cash.;0;1;0;0;Neutro;[];1;05/08/2021;['danielsampero' 'sector' 'agua' 'banca' 'ahí' 'sector' 'conocido' 'cuatro' 'esquina' 'zona' 'comercial' 'plaza' 'mercado' 'ubicado' 'cajero' 'av' 'villas' 'filas' 'largas' 'gente' 'retira' 'dinero' 'hacer' 'mercado' 'tener' 'efectivo'];2
55;@Zatanik0 @Luisa_Platt_ No han sacado la plata de Av villas y siguen afiliados a porvenir;2021-05-08 18:05:20;Colombia;;;1,39109E+18;https://twitter.com/i/web/status/1391091865705979907;zatanik luisa platt sacado plata av villas siguen afiliados porvenir;@ Zatanik0 @Luisa_Platt_ They have not taken the money from Av villas and are still affiliated with porvenir;0;1;0;0;Neutro;[];1;05/08/2021;['zatanik' 'luisa' 'platt' 'sacado' 'plata' 'av' 'villas' 'siguen' 'afiliados' 'porvenir'];2
56;Superintendencia Financiera multó por $ 70 millones al Banco AV Villas. https://t.co/P8bqxY7Mzd;2021-05-08 04:55:14;Colombia;;;1,39089E+18;https://twitter.com/i/web/status/1390893030664806402;superintendencia financiera multó millones banco av villas https p bqxy mzd;The Financial Superintendency fined Banco AV Villas for $ 70 million. https://t.co/P8bqxY7Mzd;0;1;0;0;Neutro;[];1;05/08/2021;['superintendencia' 'financiera' 'multó' 'millones' 'banco' 'av' 'villas' 'https' 'p' 'bqxy' 'mzd'];2
57;Superintendencia Financiera multó por $ 70 millones al Banco AV Villas. https://t.co/ZHCJDc0wQg;2021-05-08 04:20:40;Colombia;;;1,39088E+18;https://twitter.com/i/web/status/1390884329421742086;superintendencia financiera multó millones banco av villas https zhcjdc wqg;The Financial Superintendency fined Banco AV Villas for $ 70 million. https://t.co/ZHCJDc0wQg;0;1;0;0;Neutro;[];1;05/08/2021;['superintendencia' 'financiera' 'multó' 'millones' 'banco' 'av' 'villas' 'https' 'zhcjdc' 'wqg'];2
58;"😎🌮🙌🏻
Ven por tus Tacos o pide a Domicilio
Lunes a Sábado!
5pm a 12am 
Promociones todos los días!

Av del Bosque #1906
Villas la Merced (Obispado).
Torreón Coah
🛵8713152533 
🌮 #MagnateDelSabor
#LaguneroPrimero https://t.co/4H1ffvP4V3";2021-05-08 02:28:15;Torreón Coahuila de Zaragoza;;;1,39086E+18;https://twitter.com/i/web/status/1390856041944948737;ven tacos pide domicilio lunes sábado pm am promociones días av bosque villas merced obispado torreón coah magnatedelsabor laguneroprimero https h ffvp v;"😎🌮🙌🏻
Come for your Tacos or order at Home
Monday to Saturday!
5pm to 12am
Promotions every day!

Av del Bosque # 1906
Villas la Merced (Bishopric).
Torreon Coah
🛵8713152533
🌮 #MagnateDelSabor
#LaguneroPrimero https://t.co/4H1ffvP4V3";0;923;77;555;Positivo;['😎' '🌮' '🙌🏻' '🛵' '🌮'];1;05/08/2021;['ven' 'tacos' 'pide' 'domicilio' 'lunes' 'sábado' 'pm' 'am' 'promociones' 'días' 'av' 'bosque' 'villas' 'merced' 'obispado' 'torreón' 'coah' 'magnatedelsabor' 'laguneroprimero' 'https' 'h' 'ffvp' 'v'];2
59;CHOQUE 🚙💥🚗 en Zapopan Col. Villas La Loma Antiguo Camino A Copalita y Av. De Las Calandrias. Tome precauciones;2021-05-08 01:58:50;Jalisco México;;;1,39085E+18;https://twitter.com/i/web/status/1390848638075772928;choque zapopan col villas loma antiguo camino copalita av calandrias tome precauciones;CHOQUE 🚙💥🚗 in Zapopan Col. Villas La Loma Old Road to Copalita and Av. De Las Calandrias. Take precautions;102;898;0;-3612;Neutro;['🚙' '💥' '🚗'];1;05/08/2021;['choque' 'zapopan' 'col' 'villas' 'loma' 'antiguo' 'camino' 'copalita' 'av' 'calandrias' 'tome' 'precauciones'];3
60;PDC: #Almomento se registra en la colonia villas del sol dos Av. búho con Av. gavilanes la ejecución de dos personas ( una pareja)  por proyectil de arma de fuego  se implementa operativo policial con los tres órdenes de gobierno para dar con los  responsables. https://t.co/uo2oY0gykl;2021-05-08 01:35:52;;;;1,39084E+18;https://twitter.com/i/web/status/1390842858308083715;pdc almomento registra colonia villas sol dos av búho av gavilanes ejecución dos personas pareja proyectil arma fuego implementa operativo policial tres órdenes gobierno dar responsables https uo oy gykl;PDC: #Almomento the execution of two people (a couple) by firearm projectile is registered in the villas del sol neighborhood two Owl Av. With Av. Gavilanes a police operation is implemented with the three government orders to find the responsible. https://t.co/uo2oY0gykl;0;946;54;3182;Neutro;[];1;05/08/2021;['pdc' 'almomento' 'registra' 'colonia' 'villas' 'sol' 'dos' 'av' 'búho' 'av' 'gavilanes' 'ejecución' 'dos' 'personas' 'pareja' 'proyectil' 'arma' 'fuego' 'implementa' 'operativo' 'policial' 'tres' 'órdenes' 'gobierno' 'dar' 'responsables' 'https' 'uo' 'oy' 'gykl'];2
61;@DalasReview ¿Si sabe que es un banco Av Villas? ¿Si sabe que ese banco es de uno de los magnates más grandes de este país? ¿Si sabe que ese es un acto de pura furia contra un sistema que oprime? ¿Si sabe que existe una diferencia avismal entre saquear un banco y un negocio pequeño?;2021-05-08 00:05:45;;;;1,39082E+18;https://twitter.com/i/web/status/1390820179786047493;dalasreview si sabe banco av villas si sabe banco magnates grandes país si sabe acto pura furia sistema oprime si sabe existe diferencia avismal saquear banco negocio pequeño;@DalasReview Do you know what an Av Villas bank is? If you know that this bank is owned by one of the largest magnates in this country? If you know that this is an act of sheer fury against an oppressing system? If you know there is a horrendous difference between looting a bank and a small business?;131;869;0;-8577;Negativo;[];1;05/08/2021;['dalasreview' 'si' 'sabe' 'banco' 'av' 'villas' 'si' 'sabe' 'banco' 'magnates' 'grandes' 'país' 'si' 'sabe' 'acto' 'pura' 'furia' 'sistema' 'oprime' 'si' 'sabe' 'existe' 'diferencia' 'avismal' 'saquear' 'banco' 'negocio' 'pequeño'];1
62;CABLES CAÍDOS ⚠ en Tlajomulco Col. Villas De Zapotepec Priv. Gardenia y Av. Central. Tome precauciones;2021-05-07 23:27:08;Jalisco México;;;1,39081E+18;https://twitter.com/i/web/status/1390810458794364930;cables caídos tlajomulco col villas zapotepec priv gardenia av central tome precauciones;CABLES CAÍDOS ⚠ in Tlajomulco Col. Villas De Zapotepec Priv. Gardenia and Av. Central. Take precautions;138;862;0;-34;Neutro;['⚠'];1;05/07/2021;['cables' 'caídos' 'tlajomulco' 'col' 'villas' 'zapotepec' 'priv' 'gardenia' 'av' 'central' 'tome' 'precauciones'];3
63;POSTE CAÍDO ⚠ en Tlajomulco Col. Villas De Zapotepec Priv. Gardenia y Av. Central. Tome precauciones;2021-05-07 23:27:07;Jalisco México;;;1,39081E+18;https://twitter.com/i/web/status/1390810458219757577;poste caído tlajomulco col villas zapotepec priv gardenia av central tome precauciones;POSTE CAÍDO ⚠ in Tlajomulco Col. Villas De Zapotepec Priv. Gardenia and Av. Central. Take precautions;138;862;0;-34;Neutro;['⚠'];1;05/07/2021;['poste' 'caído' 'tlajomulco' 'col' 'villas' 'zapotepec' 'priv' 'gardenia' 'av' 'central' 'tome' 'precauciones'];3
64;"Reporta 911.
Intentó de ejecución. 
Sm259 av. Leona Vicario.
Fracc. Villas Otoch Paraíso. https://t.co/DaCXYIhgup";2021-05-07 18:33:55;CANCUN;;;1,39074E+18;https://twitter.com/i/web/status/1390736671772233732;reporta intentó ejecución sm av leona vicario fracc villas otoch paraíso https dacxyihgup;"Report 911.
Attempted execution.
Sm259 av. Leona Vicario.
Fracc. Villas Otoch Paradise. https://t.co/DaCXYIhgup";0;741;259;6369;Positivo;[];1;05/07/2021;['reporta' 'intentó' 'ejecución' 'sm' 'av' 'leona' 'vicario' 'fracc' 'villas' 'otoch' 'paraíso' 'https' 'dacxyihgup'];2
65;El país vuelto mierda y los de av villas llamando para ofrecerte una tarjeta de crédito no sean tan hptas 😠;2021-05-07 18:13:25;;;;1,39073E+18;https://twitter.com/i/web/status/1390731511150821379;país vuelto mierda av villas llamando ofrecerte tarjeta crédito tan hptas;The country turned shit and those from av villas calling to offer you a credit card don't be so hptas 😠;249;66;9;-6786;Negativo;['😠'];1;05/07/2021;['país' 'vuelto' 'mierda' 'av' 'villas' 'llamando' 'ofrecerte' 'tarjeta' 'crédito' 'tan' 'hptas'];2
66;"Reporta 911.
Intentó de ejecución. 
Sm259 av. Leona Vicario.
Fracc. Villas Otoch Paraíso. Cancún. Q. Roo.
@oscarvfm @AlejandroRosel7 @KARLAROMERO1 @fernandamexia @jmartinsamano @velezizquierdo @NahirOrville @DAVIDROMEROVARA @Lucio_HG @c4jimenez @jcsolis82 @noticiascancun";2021-05-07 17:09:02;;;;1,39072E+18;https://twitter.com/i/web/status/1390715309384941573;reporta intentó ejecución sm av leona vicario fracc villas otoch paraíso cancún q roo oscarvfm alejandrorosel karlaromero fernandamexia jmartinsamano velezizquierdo nahirorville davidromerovara lucio hg c jimenez jcsolis noticiascancun;"Report 911.
Attempted execution.
Sm259 av. Leona Vicario.
Fracc. Villas Otoch Paradise. Cancun. Q. Roo.
@oscarvfm @ AlejandroRosel7 @ KARLAROMERO1 @fernandamexia @jmartinsamano @velezizquierdo @NahirOrville @DAVIDROMEROVARA @Lucio_HG @ c4jimenez @ jcsolis82 @noticiascancun";0;877;123;6369;Positivo;[];1;05/07/2021;['reporta' 'intentó' 'ejecución' 'sm' 'av' 'leona' 'vicario' 'fracc' 'villas' 'otoch' 'paraíso' 'cancún' 'q' 'roo' 'oscarvfm' 'alejandrorosel' 'karlaromero' 'fernandamexia' 'jmartinsamano' 'velezizquierdo' 'nahirorville' 'davidromerovara' 'lucio' 'hg' 'c' 'jimenez' 'jcsolis' 'noticiascancun'];2
67;Mi insulto adulto del día es: usted es más lento que Av Villas.;2021-05-07 15:56:57;Colombia;;;1,3907E+18;https://twitter.com/i/web/status/1390697167686340611;insulto adulto día usted lento av villas;My adult insult of the day is: you are slower than Av Villas.;216;784;0;-5106;Neutro;[];1;05/07/2021;['insulto' 'adulto' 'día' 'usted' 'lento' 'av' 'villas'];2
68;El de los pagos a vándalos en la localidad de suba retira el dinero de los pagos en los cajeros de av villas ahí les dejo el dato. @PoliciaColombia;2021-05-07 13:55:53;;;;1,39067E+18;https://twitter.com/i/web/status/1390666701587550208;pagos vándalos localidad suba retira dinero pagos cajeros av villas ahí dejo dato policiacolombia;The one of the payments to vandals in the town of suba withdraws the money of the payments in the ATMs of av villas there I leave the data. @PoliceColombia;4;96;0;-516;Neutro;[];1;05/07/2021;['pagos' 'vándalos' 'localidad' 'suba' 'retira' 'dinero' 'pagos' 'cajeros' 'av' 'villas' 'ahí' 'dejo' 'dato' 'policiacolombia'];2
69;"@sutilpoema @silviareyesva Con el cambio de vientos al norte y noreste está llegando humos de los incendios forestales de los nortes de la península de Yucatán. *Además hubo 4 reportes de Maleza en Playa del Carmen en*
- X residencial Marsella
- av Lilis y Colosio
- Villas del sol
- Palmas 2";2021-05-07 13:08:02;Solidaridad Quintana Roo;;;1,39065E+18;https://twitter.com/i/web/status/1390654659157794820;sutilpoema silviareyesva cambio vientos norte noreste llegando humos incendios forestales nortes península yucatán además reportes maleza playa carmen x residencial marsella av lilis colosio villas sol palmas;"@sutilpoema @silviareyesva With the change of winds to the north and northeast fumes from the forest fires are coming from the north of the Yucatan Peninsula. * There were also 4 reports of Weeds in Playa del Carmen in *
- X residential Marseille
- av Lilis and Colosio
- Villas del sol
- Palms 2";2;98;0;-258;Neutro;[];1;05/07/2021;['sutilpoema' 'silviareyesva' 'cambio' 'vientos' 'norte' 'noreste' 'llegando' 'humos' 'incendios' 'forestales' 'nortes' 'península' 'yucatán' 'además' 'reportes' 'maleza' 'playa' 'carmen' 'x' 'residencial' 'marsella' 'av' 'lilis' 'colosio' 'villas' 'sol' 'palmas'];2
70;Bancos de humo en la Av. José López Portillo a la altura de  Villas Otoch Paraíso @RFQR https://t.co/a5KH4AfHTU;2021-05-07 12:23:31;Cancún;;;1,39064E+18;https://twitter.com/i/web/status/1390643455513268227;bancos humo av josé lópez portillo altura villas otoch paraíso rfqr https kh afhtu;Smoke banks on Av. José López Portillo at the height of Villas Otoch Paraíso @RFQR https://t.co/a5KH4AfHTU;0;1;0;0;Neutro;[];1;05/07/2021;['bancos' 'humo' 'av' 'josé' 'lópez' 'portillo' 'altura' 'villas' 'otoch' 'paraíso' 'rfqr' 'https' 'kh' 'afhtu'];2
71;"@AlvaroUribeVel Nos aplican exactamente la misma dosis.
¿No sería momento de llamar a las reservas y oxigenar a nuestra Policía y FFMM?

No olvidemos que algunas etapas ya han ocurrido por ej Bogotá y una bomba en Andino explosión cerca a Banco AV Villas eso valdría la pena revisar. 
Calcado!";2021-05-07 10:07:56;6000.00 kms away from home;;;1,39061E+18;https://twitter.com/i/web/status/1390609334510497792;alvarouribevel aplican exactamente misma dosis momento llamar reservas oxigenar policía ffmm olvidemos etapas ocurrido ej bogotá bomba andino explosión cerca banco av villas valdría pena revisar calcado;"@AlvaroUribeVel They apply exactly the same dose to us.
Wouldn't it be time to call the reserves and oxygenate our Police and FFMM?

Let's not forget that some stages have already occurred for example Bogotá and a bomb in Andino an explosion near Banco AV Villas that would be worth reviewing.
Traced!";57;874;69;-2325;Neutro;[];1;05/07/2021;['alvarouribevel' 'aplican' 'exactamente' 'misma' 'dosis' 'momento' 'llamar' 'reservas' 'oxigenar' 'policía' 'ffmm' 'olvidemos' 'etapas' 'ocurrido' 'ej' 'bogotá' 'bomba' 'andino' 'explosión' 'cerca' 'banco' 'av' 'villas' 'valdría' 'pena' 'revisar' 'calcado'];2
72;@YourAnonNewsESP Deberías de borrar las deudas de todos de ICETEX y demás bancos como AV VILLAS 🤣;2021-05-07 04:56:55;;;;1,39053E+18;https://twitter.com/i/web/status/1390531063924076545;youranonnewsesp deberías borrar deudas icetex demás bancos av villas;@YourAnonNewsESP You should erase the debts of all of ICETEX and other banks such as AV VILLAS 🤣;0;868;132;4939;Positivo;['🤣'];1;05/07/2021;['youranonnewsesp' 'deberías' 'borrar' 'deudas' 'icetex' 'demás' 'bancos' 'av' 'villas'];2
73;A esta hora en la 138 con Av villas. Bogotá. #VivaElParoNacional https://t.co/VHTNan9But;2021-05-07 00:10:02;Colombia;;;1,39046E+18;https://twitter.com/i/web/status/1390458869982371844;hora av villas bogotá vivaelparonacional https vhtnan but;At this time on 138 with Av villas. Bogota #VivaElParoNacional https://t.co/VHTNan9But;0;1;0;0;Neutro;[];1;05/07/2021;['hora' 'av' 'villas' 'bogotá' 'vivaelparonacional' 'https' 'vhtnan' 'but'];2
74;"Respecto a el ""Saqueo"" al local comercial déjame decirte q era una sucursal del banco Av villas deberías investiga quién es el dueño y como roba al pueblo Colombiano. @DalasReview";2021-05-06 21:58:47;;;;1,39043E+18;https://twitter.com/i/web/status/1390425840186531842;respecto saqueo local comercial déjame decirte q sucursal banco av villas deberías investiga quién dueño roba pueblo colombiano dalasreview;"Regarding the ""Looting"" of the commercial premises let me tell you that it was a branch of the Av villas bank you should investigate who the owner is and how he steals from the Colombian people. @DalasReview";84;916;0;-5106;Neutro;[];1;05/06/2021;['respecto' 'saqueo' 'local' 'comercial' 'déjame' 'decirte' 'q' 'sucursal' 'banco' 'av' 'villas' 'deberías' 'investiga' 'quién' 'dueño' 'roba' 'pueblo' 'colombiano' 'dalasreview'];2
75;@guevaracarlos8 Que raro pero hoy llamaron a mi celular preguntando por papá de parte de Av Villas y él ni tiene productos con ellos. 🙄;2021-05-06 21:23:12;;;;1,39042E+18;https://twitter.com/i/web/status/1390416883648696329;guevaracarlos raro hoy llamaron celular preguntando papá parte av villas productos;@ guevaracarlos8 How strange but today they called my cell phone asking for dad from Av Villas and he doesn't even have any products with them. 🙄;46;954;0;-1027;Neutro;['🙄'];1;05/06/2021;['guevaracarlos' 'raro' 'hoy' 'llamaron' 'celular' 'preguntando' 'papá' 'parte' 'av' 'villas' 'productos'];2
76;"Av villas me ha mandado 2 correos y 3 mensajes de texto diciéndome que llevo 1 dia de atraso con la deuda.

Ojalá así se hubieran preocupado por mi cuando casi me muero.";2021-05-06 21:05:59;Bogota;;;1,39041E+18;https://twitter.com/i/web/status/1390412551154974725;av villas mandado correos mensajes texto diciéndome llevo dia atraso deuda ojalá así preocupado casi muero;"Av villas has sent me 2 emails and 3 text messages telling me that I am 1 day behind with the debt.

I wish that they had cared for me when I almost died.";141;726;133;-79;Neutro;[];1;05/06/2021;['av' 'villas' 'mandado' 'correos' 'mensajes' 'texto' 'diciéndome' 'llevo' 'dia' 'atraso' 'deuda' 'ojalá' 'así' 'preocupado' 'casi' 'muero'];2
77;@nonimer3 Muéstrame esos crímenes contra policías y locales donde los manifestantes empiecen PRIMERO y locales sean tienditas de barrio no cadenas multimillonarias como lo son el D1 el Éxito el banco AV Villas entre otros. Por otro lado estás generalizando a todos los manifestantes...;2021-05-06 20:23:31;Namjoon's country;;;1,3904E+18;https://twitter.com/i/web/status/1390401864051699717;nonimer muéstrame crímenes policías locales manifestantes empiecen primero locales tienditas barrio cadenas multimillonarias d éxito banco av villas lado generalizando manifestantes;@ nonimer3 Show me those crimes against police and locals where protesters start FIRST and locals are neighborhood stores not multi-million dollar chains such as D1 Éxito AV Villas bank among others. On the other hand you are generalizing to all protesters ...;81;851;68;1027;Neutro;[];1;05/06/2021;['nonimer' 'muéstrame' 'crímenes' 'policías' 'locales' 'manifestantes' 'empiecen' 'primero' 'locales' 'tienditas' 'barrio' 'cadenas' 'multimillonarias' 'd' 'éxito' 'banco' 'av' 'villas' 'lado' 'generalizando' 'manifestantes'];0
78;"@C5_CDMX
@UCS_GCDMX
@CruzRoja_CDMX
Av camarones y calle Tula aún costado del hotel villas coloniales se SOLICITA unidad médica motociclista atropellado";2021-05-06 20:14:05;;;;1,3904E+18;https://twitter.com/i/web/status/1390399488532045825;c cdmx ucs gcdmx cruzroja cdmx av camarones calle tula aún costado hotel villas coloniales solicita unidad médica motociclista atropellado;"@ C5_CDMX
@UCS_GCDMX
@CruzRoja_CDMX
Av camarones and Tula street still next to the colonial villas hotel REQUESTED medical unit motorcyclist run over";0;1;0;0;Neutro;[];1;05/06/2021;['c' 'cdmx' 'ucs' 'gcdmx' 'cruzroja' 'cdmx' 'av' 'camarones' 'calle' 'tula' 'aún' 'costado' 'hotel' 'villas' 'coloniales' 'solicita' 'unidad' 'médica' 'motociclista' 'atropellado'];2
79;@guevaracarlos8 Me parece increíble porque Av Villas no es así por lo general son desde 10mil en adelante.;2021-05-06 16:42:02;Bogotá D.C. Colombia;;;1,39035E+18;https://twitter.com/i/web/status/1390346125333434372;guevaracarlos parece increíble av villas así general mil adelante;@ guevaracarlos8 I find it incredible because Av Villas is not like that usually they are from 10 thousand onwards.;1;9;0;-2755;Neutro;[];1;05/06/2021;['guevaracarlos' 'parece' 'increíble' 'av' 'villas' 'así' 'general' 'mil' 'adelante'];2
80;Anonymus se metió a Av Villas a sacar información y le cobraban $7.500 por cada transacción;2021-05-06 16:05:49;Bogota;;;1,39034E+18;https://twitter.com/i/web/status/1390337010380926977;anonymus metió av villas sacar información cobraban cada transacción;Anonymus went to Av Villas to get information and they charged him $ 7500 for each transaction;101;899;0;-2023;Neutro;[];1;05/06/2021;['anonymus' 'metió' 'av' 'villas' 'sacar' 'información' 'cobraban' 'cada' 'transacción'];2
81;"@carolinaguerram Llama la Atencion en Bogotá en una cuadra hay un Banco Bogota un AV Villas un Bancolombia y un Davivienda . Pero lo raro es que destrozan a Davivienda y a los otros ni un vidrio Roto.
Destrozan el peaje del Roble y al pie esta La  Cerveceria Andina y ni la miran. Que raro!!!!";2021-05-06 14:17:38;;;;1,39031E+18;https://twitter.com/i/web/status/1390309787955511296;carolinaguerram llama atencion bogotá cuadra banco bogota av villas bancolombia davivienda raro destrozan davivienda vidrio roto destrozan peaje roble pie cerveceria andina miran raro;"@carolinaguerram Call attention in Bogotá in one block there is a Banco Bogota an AV Villas a Bancolombia and a Davivienda. But the strange thing is that they destroy Davivienda and the others not a broken glass.
They destroy the Roble toll and at the bottom is La Cerveceria Andina and they don't even look at it. Thats weird!!!!";23;724;46;-9265;Negativo;[];1;05/06/2021;['carolinaguerram' 'llama' 'atencion' 'bogotá' 'cuadra' 'banco' 'bogota' 'av' 'villas' 'bancolombia' 'davivienda' 'raro' 'destrozan' 'davivienda' 'vidrio' 'roto' 'destrozan' 'peaje' 'roble' 'pie' 'cerveceria' 'andina' 'miran' 'raro'];2
82;"@ldngrumpyargy @Loreher3 @JuanRod05935224 También te dejo la lista de la Villas de emergencia de CABA
Barrio ex-AU7 el de la Reserva Ecológica Los Piletones Calacita asentamiento Zabaleta Av. Eva Perón la Villa Dulce y las villas 1-11-14 3 6 13 bis Ciudad Oculta 16 17 19 20 21-24 26 
Villas 31 y 31 bis.";2021-05-06 14:04:25;;;;1,39031E+18;https://twitter.com/i/web/status/1390306459368386567;ldngrumpyargy loreher juanrod dejo lista villas emergencia caba barrio ex au reserva ecológica piletones calacita asentamiento zabaleta av eva perón villa dulce villas bis ciudad oculta villas bis;"@ldngrumpyargy @ Loreher3 @ JuanRod05935224 I also leave you the list of the Emergency Villages of CABA
Ex-AU7 neighborhood that of the Ecological Reserve Los Piletones Calacita Zabaleta settlement Av. Eva Perón Villa Dulce and villas 1-11-14 3 6 13 bis Ciudad Oculta 16 17 19 20 21-24 26
Villas 31 and 31 bis.";68;932;0;-4215;Neutro;[];1;05/06/2021;['ldngrumpyargy' 'loreher' 'juanrod' 'dejo' 'lista' 'villas' 'emergencia' 'caba' 'barrio' 'ex' 'au' 'reserva' 'ecológica' 'piletones' 'calacita' 'asentamiento' 'zabaleta' 'av' 'eva' 'perón' 'villa' 'dulce' 'villas' 'bis' 'ciudad' 'oculta' 'villas' 'bis'];0
83;"@Loreher3 @JuanRod05935224 Vos crees que CABA es el paraiso para todos?
Aunque no las quieras ver en CABA hay 20 villas de emergencia
El ex-AU7 la de la Reserva Ecológica Los Piletones Calacita calle Zabaleta Av. Eva Perón la Villa Dulce y las villas 1-11-14 3 6 13 bis Ciudad Oculta etre otras";2021-05-06 13:59:55;;;;1,39031E+18;https://twitter.com/i/web/status/1390305326528819201;loreher juanrod vos crees caba paraiso aunque quieras ver caba villas emergencia ex au reserva ecológica piletones calacita calle zabaleta av eva perón villa dulce villas bis ciudad oculta etre;"@ Loreher3 @ JuanRod05935224 Do you think CABA is paradise for everyone?
Even if you don't want to see them in CABA there are 20 shantytowns
The former AU7 that of the Ecological Reserve Los Piletones Calacita Zabaleta street Av. Eva Perón Villa Dulce and villas 1-11-14 3 6 13 bis Ciudad Oculta and others";21;907;72;6096;Positivo;[];1;05/06/2021;['loreher' 'juanrod' 'vos' 'crees' 'caba' 'paraiso' 'aunque' 'quieras' 'ver' 'caba' 'villas' 'emergencia' 'ex' 'au' 'reserva' 'ecológica' 'piletones' 'calacita' 'calle' 'zabaleta' 'av' 'eva' 'perón' 'villa' 'dulce' 'villas' 'bis' 'ciudad' 'oculta' 'etre'];0
84;@TransporteJal Buenos días para reportar que la ruta 16-b (633 villas-campo real) no está haciendo su recorrido bien desde hace 3 días dura 1hr o más en pasar aquí en la terminal de campo Real (Av. Campo Azul Fraccionamiento Campo Real);2021-05-06 13:26:14;Entre la poesía y el rock;;;1,3903E+18;https://twitter.com/i/web/status/1390296849358024712;transportejal buenos días reportar ruta b villas campo real haciendo recorrido bien hace días dura hr pasar aquí terminal campo real av campo azul fraccionamiento campo real;@TransporteJal Good morning to report that route 16-b (633 villas-campo real) is not doing its route well for 3 days it lasts 1 hour or more to pass here at the Campo Real terminal (Av. Campo Azul Fraccionamiento Real Field);0;884;116;6124;Positivo;[];1;05/06/2021;['transportejal' 'buenos' 'días' 'reportar' 'ruta' 'b' 'villas' 'campo' 'real' 'haciendo' 'recorrido' 'bien' 'hace' 'días' 'dura' 'hr' 'pasar' 'aquí' 'terminal' 'campo' 'real' 'av' 'campo' 'azul' 'fraccionamiento' 'campo' 'real'];2
85;@AnonFuryInter las cuentas de sarmiento ángulo para que nos deuvla a todo el estado colombiano lo que nos robó con sus 4 casas de empeño Banco bogota banco Av villas banco occidente y banco popular no dan esperar y dejan pobres a todos los colombianos;2021-05-06 04:49:35;;;;1,39017E+18;https://twitter.com/i/web/status/1390166834167652355;anonfuryinter cuentas sarmiento ángulo deuvla colombiano robó casas empeño banco bogota banco av villas banco occidente banco popular dan esperar dejan pobres colombianos;@AnonFuryInter the accounts of Sarmiento Angle so that he can give us to the entire Colombian state what he stole from us with his 4 pawnshops Banco Bogotá Banco Av Villas Banco Occidente and Banco Popular they do not wait and leave everyone poor colombians;63;856;8;-392;Neutro;[];1;05/06/2021;['anonfuryinter' 'cuentas' 'sarmiento' 'ángulo' 'deuvla' 'colombiano' 'robó' 'casas' 'empeño' 'banco' 'bogota' 'banco' 'av' 'villas' 'banco' 'occidente' 'banco' 'popular' 'dan' 'esperar' 'dejan' 'pobres' 'colombianos'];1
86;MOTOCICLISTA LESIONADO 🚑 en Guadalajara Col. Villas De Sna Juan Av. Normalistas y Sevilla. Tome precauciones;2021-05-06 02:56:17;Jalisco México;;;1,39014E+18;https://twitter.com/i/web/status/1390138320420839424;motociclista lesionado guadalajara col villas sna juan av normalistas sevilla tome precauciones;INJURED MOTORCYCLIST 🚑 in Guadalajara Col. Villas De Sna Juan Av. Normalistas and Sevilla. Take precautions;186;814;0;-5319;Neutro;['🚑'];1;05/06/2021;['motociclista' 'lesionado' 'guadalajara' 'col' 'villas' 'sna' 'juan' 'av' 'normalistas' 'sevilla' 'tome' 'precauciones'];3
87;"@anonymus pueden entrar a Bancolombia banco de Bogotá av villas BBVA data crédito Claro movistar y dejar a todos los colombianos con cero deudas? El pueblo necesitan que le quiten también esas cadenas gracias!!
@infoanonymuss";2021-05-05 17:44:04;;;;1,39E+18;https://twitter.com/i/web/status/1389999347723603969;anonymus pueden entrar bancolombia banco bogotá av villas bbva data crédito claro movistar dejar colombianos cero deudas pueblo necesitan quiten cadenas gracias infoanonymuss;"Can @anonymus enter Bancolombia Banco de Bogotá av villas BBVA data credit Claro movistar and leave all Colombians with zero debts? The people need those chains to be removed as well thank you!
@infoanonymuss";31;775;194;7424;Positivo;[];1;05/05/2021;['anonymus' 'pueden' 'entrar' 'bancolombia' 'banco' 'bogotá' 'av' 'villas' 'bbva' 'data' 'crédito' 'claro' 'movistar' 'dejar' 'colombianos' 'cero' 'deudas' 'pueblo' 'necesitan' 'quiten' 'cadenas' 'gracias' 'infoanonymuss'];0
88;@LucasCccp77 @TrueAngela26 @DalasReview @mafughl Buenas artis una pregunta en que sede de AV Villas es en que ciudad es? Parece de Barranquilla podrías confirmarme en el caso de tener la información muchas gracias y un saludo.;2021-05-05 17:06:43;;;;1,38999E+18;https://twitter.com/i/web/status/1389989948741328898;lucascccp trueangela dalasreview mafughl buenas artis pregunta sede av villas ciudad parece barranquilla podrías confirmarme caso tener información muchas gracias saludo;@ LucasCccp77 @ TrueAngela26 @DalasReview @mafughl Good artists a question in which AV Villas headquarters is it in which city is it? It seems from Barranquilla could you confirm me if you have the information thank you very much and best regards.;0;798;202;8709;Positivo;[];1;05/05/2021;['lucascccp' 'trueangela' 'dalasreview' 'mafughl' 'buenas' 'artis' 'pregunta' 'sede' 'av' 'villas' 'ciudad' 'parece' 'barranquilla' 'podrías' 'confirmarme' 'caso' 'tener' 'información' 'muchas' 'gracias' 'saludo'];2
89;"Ayúdanos a ayudar!!!!
Nequi : 325079122
Daviplata : 3133879594
Av villas ahorros : 072941953
#SOSColombiaNosEstanMatando  #SOSColombiaDDH #SOSColombiaDDDHH
@danielabescovar https://t.co/hxCwO49b51";2021-05-05 16:52:25;colombia ;;;1,38999E+18;https://twitter.com/i/web/status/1389986352989622276;ayúdanos ayudar nequi daviplata av villas ahorros soscolombianosestanmatando soscolombiaddh soscolombiadddhh danielabescovar https hxcwo b;"Help us to help!!!!
Nequi: 325079122
Daviplata: 3133879594
Av villas savings: 072941953
#SOSColombiaNosEstanKilling #SOSColombiaDDH #SOSColombiaDDDHH
@danielabescovar https://t.co/hxCwO49b51";0;695;305;7627;Positivo;[];1;05/05/2021;['ayúdanos' 'ayudar' 'nequi' 'daviplata' 'av' 'villas' 'ahorros' 'soscolombianosestanmatando' 'soscolombiaddh' 'soscolombiadddhh' 'danielabescovar' 'https' 'hxcwo' 'b'];2
90;"Ayúdanos a ayudar!!!!
Nequi : 325079122
Daviplata : 3133879594
Av villas ahorros : 072941953
#SOSColombiaNosEstanMatando  #SOSColombiaDDH #SOSColombiaDDDHH https://t.co/NeIVOgGVyY";2021-05-05 16:50:56;colombia ;;;1,38999E+18;https://twitter.com/i/web/status/1389985978455105538;ayúdanos ayudar nequi daviplata av villas ahorros soscolombianosestanmatando soscolombiaddh soscolombiadddhh https neivoggvyy;"Help us to help!!!!
Nequi: 325079122
Daviplata: 3133879594
Av villas savings: 072941953
#SOSColombiaNosEstanMatando #SOSColombiaDDH #SOSColombiaDDDHH https://t.co/NeIVOgGVyY";0;681;319;7627;Positivo;[];1;05/05/2021;['ayúdanos' 'ayudar' 'nequi' 'daviplata' 'av' 'villas' 'ahorros' 'soscolombianosestanmatando' 'soscolombiaddh' 'soscolombiadddhh' 'https' 'neivoggvyy'];2
91;Soñe que anonimus atacaba los servidores del banco AV Villas de Luis Carlos Sarmiento Ángulo y borraban las bases de datos de créditos jajajajaja como daría para que se cumpliese ...;2021-05-05 05:01:22;;;;1,38981E+18;https://twitter.com/i/web/status/1389807408487280644;soñe anonimus atacaba servidores banco av villas luis carlos sarmiento ángulo borraban bases datos créditos jajajajaja daría cumpliese;I dreamed that anonimus attacked the servers of the AV Villas bank of Luis Carlos Sarmiento Ángulo and erased the credit databases hahahahaha how would I do to make it happen ...;84;843;73;-1027;Neutro;[];1;05/05/2021;['soñe' 'anonimus' 'atacaba' 'servidores' 'banco' 'av' 'villas' 'luis' 'carlos' 'sarmiento' 'ángulo' 'borraban' 'bases' 'datos' 'créditos' 'jajajajaja' 'daría' 'cumpliese'];2
92;#Video ➡️  Así quedó el Banco AV Villas de la carrera 29 en el barrio Sotomayor en #Bucaramanga personas denuncian que la entidad financiera fue saqueada y atacada https://t.co/LpXdUp0CF5;2021-05-05 03:54:32;Bucaramanga Colombia;;;1,38979E+18;https://twitter.com/i/web/status/1389790591794483205;video así quedó banco av villas carrera barrio sotomayor bucaramanga personas denuncian entidad financiera saqueada atacada https lpxdup cf;#Video ➡️ This is how the AV Villas Bank of Carrera 29 was left in the Sotomayor neighborhood in #Bucaramanga people denounce that the financial institution was looted and attacked https://t.co/LpXdUp0CF5;153;847;0;-6597;Negativo;['➡️'];1;05/05/2021;['video' 'así' 'quedó' 'banco' 'av' 'villas' 'carrera' 'barrio' 'sotomayor' 'bucaramanga' 'personas' 'denuncian' 'entidad' 'financiera' 'saqueada' 'atacada' 'https' 'lpxdup' 'cf'];0
93;VIDEO: Banco AV Villas de la carrera 29 de #Bucaramanga fue blanco de ataques en la noche de este martes. Todas las noticias de #Bucaramanga y de #Santander en @caracolbga mañana a las 5:30 a.m. por 880 AM y 99.2 FM https://t.co/yHOLzMxFZD;2021-05-05 03:30:43;Bucaramanga Santander;;;1,38978E+18;https://twitter.com/i/web/status/1389784596250779649;video banco av villas carrera bucaramanga blanco ataques noche martes todas noticias bucaramanga santander caracolbga mañana m am fm https yholzmxfzd;VIDEO: Banco AV Villas of the 29th race of #Bucaramanga was the target of attacks on Tuesday night. All the news from #Bucaramanga and #Santander on @caracolbga tomorrow at 5:30 a.m. by 880 AM and 99.2 FM https://t.co/yHOLzMxFZD;73;927;0;-4404;Neutro;[];1;05/05/2021;['video' 'banco' 'av' 'villas' 'carrera' 'bucaramanga' 'blanco' 'ataques' 'noche' 'martes' 'todas' 'noticias' 'bucaramanga' 'santander' 'caracolbga' 'mañana' 'm' 'am' 'fm' 'https' 'yholzmxfzd'];2
94;Un amigo que trabaja en el banco Av Villas me dijo que donde el trabaja lo destrozaron hoy se llevaron todo de adentro y les dijeron que se hicieran en un rincón para que no se vieran afectados que no era con ellos pero si contra el banco. No le hicieron nada pero esta asustado.;2021-05-05 03:28:01;Bucaramanga Colombia;;;1,38978E+18;https://twitter.com/i/web/status/1389783918056902656;amigo trabaja banco av villas dijo trabaja destrozaron hoy llevaron adentro dijeron hicieran rincón vieran afectados si banco hicieron asustado;A friend who works at the Av Villas bank told me that where he works they destroyed him today they took everything from inside and told them to do it in a corner so that they would not be affected that it was not with them but against the bank. They didn't do anything to him but he's scared.;93;856;52;-5615;Neutro;[];1;05/05/2021;['amigo' 'trabaja' 'banco' 'av' 'villas' 'dijo' 'trabaja' 'destrozaron' 'hoy' 'llevaron' 'adentro' 'dijeron' 'hicieran' 'rincón' 'vieran' 'afectados' 'si' 'banco' 'hicieron' 'asustado'];1
95;Av villas es de Sarmiento Angulo el cual les roba las luks todos los dias a todas horas q lo pague con lo q nos quita muaks https://t.co/E2GoxBvCF9;2021-05-05 03:20:22;;;;1,38978E+18;https://twitter.com/i/web/status/1389781991931908099;av villas sarmiento angulo roba luks dias todas horas q pague q quita muaks https goxbvcf;Av villas is from Sarmiento Angulo which steals their luks every day at all hours which I pay with what muaks takes away from us https://t.co/E2GoxBvCF9;164;836;0;-5719;Neutro;[];1;05/05/2021;['av' 'villas' 'sarmiento' 'angulo' 'roba' 'luks' 'dias' 'todas' 'horas' 'q' 'pague' 'q' 'quita' 'muaks' 'https' 'goxbvcf'];2
96;@vanguardiacom Que sean todos los del grupo aval av villas banco de Bogotá banco popular y banco del occidente adivinen de quien son...;2021-05-05 03:04:57;;;;1,38978E+18;https://twitter.com/i/web/status/1389778111890350084;vanguardiacom grupo aval av villas banco bogotá banco popular banco occidente adivinen;@vanguardiacom Let it be everyone from the aval group av villas bank of Bogotá popular bank and bank of the west guess whose they are ...;0;899;101;4215;Positivo;[];1;05/05/2021;['vanguardiacom' 'grupo' 'aval' 'av' 'villas' 'banco' 'bogotá' 'banco' 'popular' 'banco' 'occidente' 'adivinen'];1
97;Si alguien herido o que los estén persiguiendo y está cerca villas del dorado a la riviera Engativá centro o la Av mutis o 63 (como la conocen algunos) y necesita ayuda no duden en escribir yo por mi parte haré lo posible por ayudarlos.;2021-05-05 02:47:48;;;;1,38977E+18;https://twitter.com/i/web/status/1389773794575855624;si alguien herido persiguiendo cerca villas dorado riviera engativá centro av mutis conocen necesita ayuda duden escribir parte haré posible ayudarlos;If someone is injured or is being chased and is near villas del dorado a la riviera Engativá centro or Av mutis or 63 (as some know it) and you need help do not hesitate to write and I will do my best to help you.;49;744;207;8278;Positivo;[];1;05/05/2021;['si' 'alguien' 'herido' 'persiguiendo' 'cerca' 'villas' 'dorado' 'riviera' 'engativá' 'centro' 'av' 'mutis' 'conocen' 'necesita' 'ayuda' 'duden' 'escribir' 'parte' 'haré' 'posible' 'ayudarlos'];2
98;@eldiegodon Sep ya quedó vuelto nada y también el AV Villas a la entrada de Britalia toda esa zona esta heavy;2021-05-05 02:38:12;Bogotá DC Colombia;;;1,38977E+18;https://twitter.com/i/web/status/1389771378669363201;eldiegodon sep quedó vuelto av villas entrada britalia toda zona heavy;@eldiegodon Sep nothing has been returned and also the AV Villas at the entrance of Britalia that whole area is heavy;0;1;0;0;Neutro;[];1;05/05/2021;['eldiegodon' 'sep' 'quedó' 'vuelto' 'av' 'villas' 'entrada' 'britalia' 'toda' 'zona' 'heavy'];2
99;"@BLUSantanderes @BluRadioCo Av Villas del grupo Aval.
Me surge una pregunta ¿no es bueno que las personas que aportan económicamente a las campañas como la del gobierno actual también deban llevar del bulto? Hablo del señor Sarmiento Ángulo.";2021-05-05 02:35:23;Bogotá D.C. Colombia;;;1,38977E+18;https://twitter.com/i/web/status/1389770672176615424;blusantanderes bluradioco av villas grupo aval surge pregunta bueno personas aportan económicamente campañas gobierno actual deban llevar bulto hablo señor sarmiento ángulo;"@BLUSantanderes @BluRadioCo Av Villas from the Aval group.
A question arises for me isn't it good that people who contribute financially to campaigns like that of the current government should also carry the bundle? I'm talking about Mr. Sarmiento Angle.";56;886;58;243;Neutro;[];1;05/05/2021;['blusantanderes' 'bluradioco' 'av' 'villas' 'grupo' 'aval' 'surge' 'pregunta' 'bueno' 'personas' 'aportan' 'económicamente' 'campañas' 'gobierno' 'actual' 'deban' 'llevar' 'bulto' 'hablo' 'señor' 'sarmiento' 'ángulo'];2
100;@CaracolRadio Av Villas con 138 plantón muy pacifico y ordenado. (Dato curioso ni un solo policía) https://t.co/UEfaGA5nXr;2021-05-05 02:33:50;La Calera Colombia;;;1,38977E+18;https://twitter.com/i/web/status/1389770283226107904;caracolradio av villas plantón pacifico ordenado dato curioso solo policía https uefaga nxr;@CaracolRadio Av Villas with 138 very peaceful and orderly sit-in. (Fun fact not a single police officer) https://t.co/UEfaGA5nXr;0;702;298;7778;Positivo;[];1;05/05/2021;['caracolradio' 'av' 'villas' 'plantón' 'pacifico' 'ordenado' 'dato' 'curioso' 'solo' 'policía' 'https' 'uefaga' 'nxr'];2
101;"El Grupo Aval (dueño de AV Villas) tiene más de 90.000 millones de dólares en activos. Sarmiento Ángulo (dueño del 70% del Grupo Aval) tiene una fortuna personal de más de 9.000 millones de dólares.

Yo creo que tendrán unos pesitos en el bolsillo para arreglar sus sucursales. https://t.co/CFlfiHfruh";2021-05-05 02:31:16;;;;1,38977E+18;https://twitter.com/i/web/status/1389769637668212739;grupo aval dueño av villas millones dólares activos sarmiento ángulo dueño grupo aval fortuna personal millones dólares creo pesitos bolsillo arreglar sucursales https cflfihfruh;"Grupo Aval (owner of AV Villas) has more than $ 90 billion in assets. Sarmiento Ángulo (owner of 70% of Grupo Aval) has a personal fortune of more than 9000 million dollars.

I think they will have a few dollars in their pocket to fix their branches. https://t.co/CFlfiHfruh";0;965;35;1779;Neutro;[];1;05/05/2021;['grupo' 'aval' 'dueño' 'av' 'villas' 'millones' 'dólares' 'activos' 'sarmiento' 'ángulo' 'dueño' 'grupo' 'aval' 'fortuna' 'personal' 'millones' 'dólares' 'creo' 'pesitos' 'bolsillo' 'arreglar' 'sucursales' 'https' 'cflfihfruh'];2
102;Así quedaron las oficinas del banco Av Villas de la carrera 29 con calle 45 en #Bucaramanga. La entidad fue atacada por un grupo de vándalos finalizada la marcha que se cumplía en el parque San Pío. https://t.co/xnwXmttr0M;2021-05-05 02:17:25;Bucaramanga;;;1,38977E+18;https://twitter.com/i/web/status/1389766148846231554;así quedaron oficinas banco av villas carrera calle bucaramanga entidad atacada grupo vándalos finalizada marcha cumplía parque san pío https xnwxmttr m;This is how the offices of the Av Villas bank on Carrera 29 and Calle 45 in #Bucaramanga were left. The entity was attacked by a group of vandals at the end of the march that was being carried out in the San Pío park. https://t.co/xnwXmttr0M;62;938;0;-4588;Neutro;[];1;05/05/2021;['así' 'quedaron' 'oficinas' 'banco' 'av' 'villas' 'carrera' 'calle' 'bucaramanga' 'entidad' 'atacada' 'grupo' 'vándalos' 'finalizada' 'marcha' 'cumplía' 'parque' 'san' 'pío' 'https' 'xnwxmttr' 'm'];2
103;Así dejaron el Banco Av Villas de la cra 29 con 45 @vanguardiacom @DianaSaray https://t.co/jQbOJbLjIE;2021-05-05 01:26:12;Bucaramanga Colombia;Place(_api=<tweepy.api.API object at 0x0000021FBCEE1430> id='015ebf2571d0d8ce' url='https://api.twitter.com/1.1/geo/id/015ebf2571d0d8ce.json' place_type='city' name='Bucaramanga' full_name='Bucaramanga Colombia' country_code='CO' country='Colombia' contained_within=[] bounding_box=BoundingBox(_api=<tweepy.api.API object at 0x0000021FBCEE1430> type='Polygon' coordinates=[[[-73.1964389986563 7.04893000034879] [-73.0689549960066 7.04893000034879] [-73.0689549960066 7.24065599791148] [-73.1964389986563 7.24065599791148]]]) attributes={});;1,38975E+18;https://twitter.com/i/web/status/1389753261507457026;así dejaron banco av villas cra vanguardiacom dianasaray https jqbojbljie;This is how they left the Banco Av Villas de la cra 29 with 45 @vanguardiacom @DianaSaray https://t.co/jQbOJbLjIE;0;1;0;0;Neutro;[];1;05/05/2021;['así' 'dejaron' 'banco' 'av' 'villas' 'cra' 'vanguardiacom' 'dianasaray' 'https' 'jqbojbljie'];2
